feature,mean_A,mean_B,diff,kind,label,pair
ahora,0.0654884847406702,0.010113911056436407,0.0553745736842338,word,fake_urgency,FN_vs_TP
precio,0.0547836639111688,0.0033373874350153526,0.05144627647615345,word,fake_urgency,FN_vs_TP
el precio,0.0547836639111688,0.0033373874350153526,0.05144627647615345,word,fake_urgency,FN_vs_TP
apurate,0.05263157894736842,0.0033372847930036166,0.0492942941543648,word,fake_urgency,FN_vs_TP
seconds,0.05494065918121404,0.018413373246309754,0.036527285934904286,word,fake_urgency,FN_vs_TP
el,0.04550099869722859,0.01189652569012189,0.0336044730071067,word,fake_urgency,FN_vs_TP
vende,0.03158460736598175,0.0,0.03158460736598175,word,fake_urgency,FN_vs_TP
se vende,0.03158460736598175,0.0,0.03158460736598175,word,fake_urgency,FN_vs_TP
vende rápido,0.03158460736598175,0.0,0.03158460736598175,word,fake_urgency,FN_vs_TP
se vende rápido,0.03158460736598175,0.0,0.03158460736598175,word,fake_urgency,FN_vs_TP
este,0.03158460736598175,0.0,0.03158460736598175,word,fake_urgency,FN_vs_TP
rápido,0.03158460736598175,0.0,0.03158460736598175,word,fake_urgency,FN_vs_TP
se,0.029825082145766776,0.0022487451381793156,0.02757633700758746,word,fake_urgency,FN_vs_TP
you,0.027531155041729254,0.0031737498892057507,0.024357405152523503,word,fake_urgency,FN_vs_TP
__num__ __num__ __num__,0.026674614602621834,0.0065220338445795235,0.02015258075804231,word,fake_urgency,FN_vs_TP
hasta __num__,0.023780794992935388,0.0036690800634507185,0.02011171492948467,word,fake_urgency,FN_vs_TP
hasta,0.02269258738321615,0.005905228229071191,0.01678735915414496,word,fake_urgency,FN_vs_TP
running,0.016904546629884984,0.0017093093384850824,0.015195237291399901,word,fake_urgency,FN_vs_TP
is running out,0.016904546629884984,0.0017093093384850824,0.015195237291399901,word,fake_urgency,FN_vs_TP
time is running,0.016904546629884984,0.0017093093384850824,0.015195237291399901,word,fake_urgency,FN_vs_TP
running out,0.016904546629884984,0.0017093093384850824,0.015195237291399901,word,fake_urgency,FN_vs_TP
time is,0.016904546629884984,0.0017093093384850824,0.015195237291399901,word,fake_urgency,FN_vs_TP
is running,0.016904546629884984,0.0017093093384850824,0.015195237291399901,word,fake_urgency,FN_vs_TP
in __num__ minutes,0.016429336191728806,0.0013005568871068875,0.015128779304621918,word,fake_urgency,FN_vs_TP
in your,0.016429336191728806,0.0018728734093640645,0.014556462782364742,word,fake_urgency,FN_vs_TP
prisa,0.016734441430640436,0.002381409442844908,0.014353031987795528,word,fake_urgency,FN_vs_TP
date,0.016734441430640436,0.002381409442844908,0.014353031987795528,word,fake_urgency,FN_vs_TP
date prisa,0.016734441430640436,0.002381409442844908,0.014353031987795528,word,fake_urgency,FN_vs_TP
__num__ __num__,0.03335805752813507,0.01925337014591247,0.014104687382222598,word,fake_urgency,FN_vs_TP
offer ends,0.03465184060834642,0.02210500844264733,0.012546832165699087,word,fake_urgency,FN_vs_TP
un,0.014850165935341319,0.00358203605954059,0.011268129875800729,word,fake_urgency,FN_vs_TP
items,0.014804162042474351,0.005947305594498515,0.008856856447975837,word,fake_urgency,FN_vs_TP
out,0.014635537706798901,0.007375804870827004,0.007259732835971897,word,fake_urgency,FN_vs_TP
your order,0.02379084222278875,0.017850123118688572,0.005940719104100177,word,fake_urgency,FN_vs_TP
deal,0.012228329905344639,0.006830620715635539,0.0053977091897091005,word,fake_urgency,FN_vs_TP
offer,0.031456986290297355,0.026162666320909408,0.005294319969387947,word,fake_urgency,FN_vs_TP
hurry up,0.014635537706798901,0.010511106960297032,0.004124430746501869,word,fake_urgency,FN_vs_TP
descuento,0.012856905793301785,0.008932472410821268,0.0039244333824805175,word,fake_urgency,FN_vs_TP
de descuento,0.012856905793301785,0.008932472410821268,0.0039244333824805175,word,fake_urgency,FN_vs_TP
__num__ de descuento,0.012856905793301785,0.008932472410821268,0.0039244333824805175,word,fake_urgency,FN_vs_TP
reserved for,0.022914146261282853,0.02019109435754089,0.002723051903741964,word,fake_urgency,FN_vs_TP
__num__ de,0.012413619843960179,0.010582163923956715,0.0018314559200034632,word,fake_urgency,FN_vs_TP
up,0.013693813917519868,0.011967771264808335,0.001726042652711533,word,fake_urgency,FN_vs_TP
reserved,0.02251611730292591,0.021084145868591662,0.0014319714343342463,word,fake_urgency,FN_vs_TP
hurry,0.02060622669312704,0.020410755204876157,0.0001954714882508833,word,fake_urgency,FN_vs_TP
in __num__,0.011764235250378407,0.011718438876885869,4.579637349253797e-05,word,fake_urgency,FN_vs_TP
your,0.02822121387653128,0.02879784432246456,-0.0005766304459332815,word,fake_urgency,FN_vs_TP
time,0.013693813917519868,0.014779476922092666,-0.0010856630045727976,word,fake_urgency,FN_vs_TP
for,0.027944349035857446,0.029242551235005982,-0.0012982021991485362,word,fake_urgency,FN_vs_TP
extra __num__ off,0.0,0.0017841625052070458,-0.0017841625052070458,word,fake_urgency,FN_vs_TP
ays,0.04231323421176605,0.005639041243277444,0.0366741929684886,char,fake_urgency,FN_vs_TP
days,0.04231323421176605,0.005639041243277444,0.0366741929684886,char,fake_urgency,FN_vs_TP
s12,0.03340183613023252,0.0,0.03340183613023252,char,fake_urgency,FN_vs_TP
day,0.040229758920247355,0.0077566624541790825,0.032473096466068274,char,fake_urgency,FN_vs_TP
0da,0.031848460729623454,0.0005877308606019562,0.031260729869021495,char,fake_urgency,FN_vs_TP
00d,0.031848460729623454,0.0005877308606019562,0.031260729869021495,char,fake_urgency,FN_vs_TP
00da,0.031848460729623454,0.0005877308606019562,0.031260729869021495,char,fake_urgency,FN_vs_TP
00day,0.031848460729623454,0.0005877308606019562,0.031260729869021495,char,fake_urgency,FN_vs_TP
0day,0.031848460729623454,0.0005877308606019562,0.031260729869021495,char,fake_urgency,FN_vs_TP
0days,0.031848460729623454,0.0005877308606019562,0.031260729869021495,char,fake_urgency,FN_vs_TP
 00da,0.031848460729623454,0.0005877308606019562,0.031260729869021495,char,fake_urgency,FN_vs_TP
 00d,0.031848460729623454,0.0005877308606019562,0.031260729869021495,char,fake_urgency,FN_vs_TP
 pre,0.032311939743231835,0.0013946392500979658,0.03091730049313387,char,fake_urgency,FN_vs_TP
pre,0.032311939743231835,0.0013946392500979658,0.03091730049313387,char,fake_urgency,FN_vs_TP
rs1,0.03064275312712953,0.0012356390859654203,0.029407114041164112,char,fake_urgency,FN_vs_TP
te ,0.03273941214813425,0.004466300498182461,0.02827311164995179,char,fake_urgency,FN_vs_TP
 00,0.029799171272559453,0.0024821947278110485,0.027316976544748406,char,fake_urgency,FN_vs_TP
urs1,0.025893714608826442,0.0,0.025893714608826442,char,fake_urgency,FN_vs_TP
ours1,0.025893714608826442,0.0,0.025893714608826442,char,fake_urgency,FN_vs_TP
4min,0.02479020089149742,0.0,0.02479020089149742,char,fake_urgency,FN_vs_TP
4mi,0.02479020089149742,0.0,0.02479020089149742,char,fake_urgency,FN_vs_TP
ays1,0.024680353272062912,0.000909510897551607,0.023770842374511304,char,fake_urgency,FN_vs_TP
ys1,0.024680353272062912,0.000909510897551607,0.023770842374511304,char,fake_urgency,FN_vs_TP
days1,0.024680353272062912,0.000909510897551607,0.023770842374511304,char,fake_urgency,FN_vs_TP
ays0,0.02302645611168025,0.0016278337548423422,0.021398622356837906,char,fake_urgency,FN_vs_TP
ys0,0.02302645611168025,0.0016278337548423422,0.021398622356837906,char,fake_urgency,FN_vs_TP
days0,0.02302645611168025,0.0016278337548423422,0.021398622356837906,char,fake_urgency,FN_vs_TP
 pr,0.028632812427804927,0.007480127729649955,0.021152684698154973,char,fake_urgency,FN_vs_TP
7hou,0.020193915228538376,0.0,0.020193915228538376,char,fake_urgency,FN_vs_TP
7hour,0.020193915228538376,0.0,0.020193915228538376,char,fake_urgency,FN_vs_TP
7ho,0.020193915228538376,0.0,0.020193915228538376,char,fake_urgency,FN_vs_TP
prec,0.021514129442566136,0.0014515117035503856,0.02006261773901575,char,fake_urgency,FN_vs_TP
 prec,0.021514129442566136,0.0014515117035503856,0.02006261773901575,char,fake_urgency,FN_vs_TP
reci,0.021514129442566136,0.0014515117035503856,0.02006261773901575,char,fake_urgency,FN_vs_TP
cio ,0.021514129442566136,0.0014515117035503856,0.02006261773901575,char,fake_urgency,FN_vs_TP
recio,0.021514129442566136,0.0014515117035503856,0.02006261773901575,char,fake_urgency,FN_vs_TP
preci,0.021514129442566136,0.0014515117035503856,0.02006261773901575,char,fake_urgency,FN_vs_TP
ecio,0.021514129442566136,0.0014515117035503856,0.02006261773901575,char,fake_urgency,FN_vs_TP
ecio ,0.021514129442566136,0.0014515117035503856,0.02006261773901575,char,fake_urgency,FN_vs_TP
con,0.028815870249031355,0.00885549981222958,0.019960370436801773,char,fake_urgency,FN_vs_TP
 ba,0.019820359547235482,0.0,0.019820359547235482,char,fake_urgency,FN_vs_TP
mins1,0.019425722203074255,0.0,0.019425722203074255,char,fake_urgency,FN_vs_TP
ins1,0.019425722203074255,0.0,0.019425722203074255,char,fake_urgency,FN_vs_TP
ns1,0.019425722203074255,0.0,0.019425722203074255,char,fake_urgency,FN_vs_TP
rec,0.020671172873701515,0.0021291437924103106,0.018542029081291204,char,fake_urgency,FN_vs_TP
io ,0.020671172873701515,0.0022252814579132975,0.01844589141578822,char,fake_urgency,FN_vs_TP
s13,0.018947371731077065,0.000909510897551607,0.018037860833525456,char,fake_urgency,FN_vs_TP
nte ,0.018662304935796598,0.0006544750459164129,0.018007829889880186,char,fake_urgency,FN_vs_TP
tes21,0.01723159245401799,0.0,0.01723159245401799,char,fake_urgency,FN_vs_TP
utes2,0.01723159245401799,0.0,0.01723159245401799,char,fake_urgency,FN_vs_TP
__num__,0.14530394958906623,0.03287489655848099,0.11242905303058523,word,fake_urgency,FP_vs_TN
__timer__,0.05608878975858095,0.0006418729264266359,0.05544691683215431,word,fake_urgency,FP_vs_TN
solo,0.043271627065699,0.006073513148393275,0.03719811391730573,word,fake_urgency,FP_vs_TN
en __num__,0.03849519947289458,0.00289008421420336,0.03560511525869122,word,fake_urgency,FP_vs_TN
en __timer__,0.02910804634708326,0.0,0.02910804634708326,word,fake_urgency,FP_vs_TN
comprados,0.027844769695424747,0.0,0.027844769695424747,word,fake_urgency,FP_vs_TN
en __num__ minutos,0.02703141669812443,0.0,0.02703141669812443,word,fake_urgency,FP_vs_TN
alta,0.02650319009579706,0.002279875914373445,0.024223314181423615,word,fake_urgency,FP_vs_TN
colores,0.02393529182024618,0.0,0.02393529182024618,word,fake_urgency,FP_vs_TN
__num__ colores,0.02393529182024618,0.0,0.02393529182024618,word,fake_urgency,FP_vs_TN
hoy,0.03243996804958263,0.008669472667415688,0.02377049538216694,word,fake_urgency,FP_vs_TN
muy,0.02450727964841268,0.0007400179170029121,0.023767261731409767,word,fake_urgency,FP_vs_TN
descuento,0.024360142439603417,0.0008557462202576192,0.0235043962193458,word,fake_urgency,FP_vs_TN
solo __num__,0.022625940985705046,0.0,0.022625940985705046,word,fake_urgency,FP_vs_TN
los últimos __timer__,0.023276549854354095,0.0007112918634521814,0.022565257990901914,word,fake_urgency,FP_vs_TN
últimos __timer__,0.023276549854354095,0.0007112918634521814,0.022565257990901914,word,fake_urgency,FP_vs_TN
__social_count__ por,0.021984851714290175,0.0,0.021984851714290175,word,fake_urgency,FP_vs_TN
__num__ veces,0.025988419469531985,0.004177322798465268,0.021811096671066718,word,fake_urgency,FP_vs_TN
veces,0.025988419469531985,0.004177322798465268,0.021811096671066718,word,fake_urgency,FP_vs_TN
alta demanda,0.02348512997531267,0.0017164707837711711,0.0217686591915415,word,fake_urgency,FP_vs_TN
veces hoy,0.019972847395454414,0.0,0.019972847395454414,word,fake_urgency,FP_vs_TN
__num__ veces hoy,0.019972847395454414,0.0,0.019972847395454414,word,fake_urgency,FP_vs_TN
tu,0.02654438703130958,0.007415520380893221,0.019128866650416358,word,fake_urgency,FP_vs_TN
nuevo,0.01889211212033588,0.0,0.01889211212033588,word,fake_urgency,FP_vs_TN
año nuevo,0.01889211212033588,0.0,0.01889211212033588,word,fake_urgency,FP_vs_TN
ahora,0.0344589726832697,0.016079680620327372,0.01837929206294233,word,fake_urgency,FP_vs_TN
del,0.022525138494548576,0.004265687077507673,0.018259451417040905,word,fake_urgency,FP_vs_TN
tiempo,0.01899766098740041,0.0008099362649730204,0.01818772472242739,word,fake_urgency,FP_vs_TN
por,0.025488693427078428,0.007869763620933756,0.01761892980614467,word,fake_urgency,FP_vs_TN
sesión,0.017597791066061776,0.0,0.017597791066061776,word,fake_urgency,FP_vs_TN
año,0.017975174486743517,0.0011905561371271071,0.01678461834961641,word,fake_urgency,FP_vs_TN
los últimos,0.020581008554626752,0.0038552643901234914,0.01672574416450326,word,fake_urgency,FP_vs_TN
en los últimos,0.020581008554626752,0.0038552643901234914,0.01672574416450326,word,fake_urgency,FP_vs_TN
__num__ ya,0.0167054274785661,0.0,0.0167054274785661,word,fake_urgency,FP_vs_TN
gratis,0.018518518518518517,0.0018297910829844885,0.01668872743553403,word,fake_urgency,FP_vs_TN
ya,0.019442642655752865,0.002785515320334262,0.016657127335418603,word,fake_urgency,FP_vs_TN
puffy,0.017153962748929854,0.0013979054992304886,0.015756057249699366,word,fake_urgency,FP_vs_TN
en los,0.0201940610111222,0.0048947224021747,0.0152993386089475,word,fake_urgency,FP_vs_TN
último,0.018518518518518517,0.0035308233710566006,0.014987695147461916,word,fake_urgency,FP_vs_TN
popular,0.017822422424939484,0.0029725023031830773,0.014849920121756406,word,fake_urgency,FP_vs_TN
demanda,0.022588099990159854,0.007959055415664518,0.014629044574495336,word,fake_urgency,FP_vs_TN
semana,0.016534430089601856,0.002085051283378771,0.014449378806223085,word,fake_urgency,FP_vs_TN
pedido,0.0165635804468736,0.0023849694537045685,0.014178610993169031,word,fake_urgency,FP_vs_TN
tu pedido,0.0165635804468736,0.0023849694537045685,0.014178610993169031,word,fake_urgency,FP_vs_TN
últimos,0.01983810377677778,0.006415005498940621,0.01342309827783716,word,fake_urgency,FP_vs_TN
tendencia,0.013257810540711845,0.0,0.013257810540711845,word,fake_urgency,FP_vs_TN
oferta,0.016668448509630826,0.003711928182425031,0.012956520327205795,word,fake_urgency,FP_vs_TN
al,0.020698651726100328,0.00801923592125236,0.012679415804847967,word,fake_urgency,FP_vs_TN
descuentos,0.0130945700219731,0.001044111545772027,0.012050458476201073,word,fake_urgency,FP_vs_TN
exclusivos,0.0130945700219731,0.001116247048076128,0.011978322973896973,word,fake_urgency,FP_vs_TN
__num,0.043240103845699686,0.012923993455884328,0.030316110389815357,char,fake_urgency,FP_vs_TN
um_,0.043240103845699686,0.012923993455884328,0.030316110389815357,char,fake_urgency,FP_vs_TN
__nu,0.043240103845699686,0.012923993455884328,0.030316110389815357,char,fake_urgency,FP_vs_TN
_nu,0.043240103845699686,0.012923993455884328,0.030316110389815357,char,fake_urgency,FP_vs_TN
_num,0.043240103845699686,0.012923993455884328,0.030316110389815357,char,fake_urgency,FP_vs_TN
um__,0.043240103845699686,0.012923993455884328,0.030316110389815357,char,fake_urgency,FP_vs_TN
__n,0.043240103845699686,0.012923993455884328,0.030316110389815357,char,fake_urgency,FP_vs_TN
_num_,0.043240103845699686,0.012923993455884328,0.030316110389815357,char,fake_urgency,FP_vs_TN
m__,0.043240103845699686,0.012923993455884328,0.030316110389815357,char,fake_urgency,FP_vs_TN
num,0.043240103845699686,0.012923993455884328,0.030316110389815357,char,fake_urgency,FP_vs_TN
num_,0.043240103845699686,0.012923993455884328,0.030316110389815357,char,fake_urgency,FP_vs_TN
num__,0.043240103845699686,0.012923993455884328,0.030316110389815357,char,fake_urgency,FP_vs_TN
um__ ,0.04160293443636471,0.011447063397556547,0.030155871038808162,char,fake_urgency,FP_vs_TN
m__ ,0.04160293443636471,0.011447063397556547,0.030155871038808162,char,fake_urgency,FP_vs_TN
 __n,0.04170934729559487,0.012719108213304303,0.028990239082290564,char,fake_urgency,FP_vs_TN
 __nu,0.04170934729559487,0.012719108213304303,0.028990239082290564,char,fake_urgency,FP_vs_TN
_time,0.02378333635774645,0.00030633015875717446,0.023477006198989275,char,fake_urgency,FP_vs_TN
__tim,0.02378333635774645,0.00030633015875717446,0.023477006198989275,char,fake_urgency,FP_vs_TN
imer,0.02378333635774645,0.00030633015875717446,0.023477006198989275,char,fake_urgency,FP_vs_TN
mer__,0.02378333635774645,0.00030633015875717446,0.023477006198989275,char,fake_urgency,FP_vs_TN
mer_,0.02378333635774645,0.00030633015875717446,0.023477006198989275,char,fake_urgency,FP_vs_TN
__t,0.02378333635774645,0.00030633015875717446,0.023477006198989275,char,fake_urgency,FP_vs_TN
__ti,0.02378333635774645,0.00030633015875717446,0.023477006198989275,char,fake_urgency,FP_vs_TN
r__,0.02378333635774645,0.00030633015875717446,0.023477006198989275,char,fake_urgency,FP_vs_TN
er_,0.02378333635774645,0.00030633015875717446,0.023477006198989275,char,fake_urgency,FP_vs_TN
er__,0.02378333635774645,0.00030633015875717446,0.023477006198989275,char,fake_urgency,FP_vs_TN
imer_,0.02378333635774645,0.00030633015875717446,0.023477006198989275,char,fake_urgency,FP_vs_TN
_tim,0.02378333635774645,0.00030633015875717446,0.023477006198989275,char,fake_urgency,FP_vs_TN
_ti,0.02378333635774645,0.00030633015875717446,0.023477006198989275,char,fake_urgency,FP_vs_TN
time,0.02378333635774645,0.00030633015875717446,0.023477006198989275,char,fake_urgency,FP_vs_TN
timer,0.02378333635774645,0.00030633015875717446,0.023477006198989275,char,fake_urgency,FP_vs_TN
 __t,0.02378333635774645,0.00030633015875717446,0.023477006198989275,char,fake_urgency,FP_vs_TN
 __ti,0.02378333635774645,0.00030633015875717446,0.023477006198989275,char,fake_urgency,FP_vs_TN
ime,0.02338823037839301,0.0005711911430417332,0.022817039235351277,char,fake_urgency,FP_vs_TN
tim,0.028394120969642174,0.0064262714285659465,0.021967849541076227,char,fake_urgency,FP_vs_TN
mer,0.022676308973393507,0.001127716000493698,0.021548592972899808,char,fake_urgency,FP_vs_TN
r__ ,0.01714467296969761,0.0,0.01714467296969761,char,fake_urgency,FP_vs_TN
er__ ,0.01714467296969761,0.0,0.01714467296969761,char,fake_urgency,FP_vs_TN
 ex,0.016049508375110315,0.0009484206245492274,0.015101087750561088,char,fake_urgency,FP_vs_TN
 __,0.04235937344226865,0.02794196304240882,0.014417410399859831,char,fake_urgency,FP_vs_TN
olo,0.016980732081479075,0.003305736796521786,0.01367499528495729,char,fake_urgency,FP_vs_TN
desc,0.014091656169910191,0.0013851156052323396,0.012706540564677852,char,fake_urgency,FP_vs_TN
 desc,0.014091656169910191,0.0013851156052323396,0.012706540564677852,char,fake_urgency,FP_vs_TN
ece,0.014974044338919303,0.0023424267224813914,0.012631617616437912,char,fake_urgency,FP_vs_TN
 des,0.014798854857439899,0.002512698486823436,0.012286156370616462,char,fake_urgency,FP_vs_TN
des,0.015522262111479921,0.0033439613568145496,0.012178300754665371,char,fake_urgency,FP_vs_TN
uent,0.012551709801721581,0.0007995673481321717,0.01175214245358941,char,fake_urgency,FP_vs_TN
cuent,0.012551709801721581,0.0007995673481321717,0.01175214245358941,char,fake_urgency,FP_vs_TN
cuen,0.012551709801721581,0.0007995673481321717,0.01175214245358941,char,fake_urgency,FP_vs_TN
cue,0.012551709801721581,0.0007995673481321717,0.01175214245358941,char,fake_urgency,FP_vs_TN
demanda,0.10574355567116826,0.0,0.10574355567116826,word,fake_scarcity,FN_vs_TP
alta,0.0674789879896606,0.0,0.0674789879896606,word,fake_scarcity,FN_vs_TP
alta demanda,0.06186302647857128,0.0,0.06186302647857128,word,fake_scarcity,FN_vs_TP
carrito,0.061980112591207566,0.00967635962907665,0.05230375296213091,word,fake_scarcity,FN_vs_TP
__people__,0.04658353439861223,0.0,0.04658353439861223,word,fake_scarcity,FN_vs_TP
tu,0.04913933426430243,0.005316460216495264,0.043822874047807166,word,fake_scarcity,FN_vs_TP
producto,0.03987999217803873,0.0,0.03987999217803873,word,fake_scarcity,FN_vs_TP
__scarcity__ precio,0.03657838664968145,0.0,0.03657838664968145,word,fake_scarcity,FN_vs_TP
hoy,0.034491507444881886,0.0,0.034491507444881886,word,fake_scarcity,FN_vs_TP
en,0.08290939455188936,0.04939079645515359,0.033518598096735776,word,fake_scarcity,FN_vs_TP
esto,0.033391173735899796,0.0,0.033391173735899796,word,fake_scarcity,FN_vs_TP
tienen,0.03273850504066818,0.0,0.03273850504066818,word,fake_scarcity,FN_vs_TP
__num__,0.06273105200443187,0.03044479229566236,0.032286259708769506,word,fake_scarcity,FN_vs_TP
de,0.04812689291839268,0.01861545243122547,0.02951144048716721,word,fake_scarcity,FN_vs_TP
artículo,0.03753808161230212,0.009114149095590865,0.028423932516711256,word,fake_scarcity,FN_vs_TP
mucha,0.027869988404754794,0.0,0.027869988404754794,word,fake_scarcity,FN_vs_TP
mucha demanda,0.027869988404754794,0.0,0.027869988404754794,word,fake_scarcity,FN_vs_TP
ahora,0.02673139195689455,0.0,0.02673139195689455,word,fake_scarcity,FN_vs_TP
su,0.026637709023684248,0.0,0.026637709023684248,word,fake_scarcity,FN_vs_TP
su carrito,0.026637709023684248,0.0,0.026637709023684248,word,fake_scarcity,FN_vs_TP
tu pedido,0.02607997094965501,0.0,0.02607997094965501,word,fake_scarcity,FN_vs_TP
pedido,0.02607997094965501,0.0,0.02607997094965501,word,fake_scarcity,FN_vs_TP
por,0.02551179236107624,0.0,0.02551179236107624,word,fake_scarcity,FN_vs_TP
artículos en,0.031668176773362346,0.006205678972223971,0.025462497801138375,word,fake_scarcity,FN_vs_TP
que,0.03467141578717072,0.009485502700738807,0.025185913086431914,word,fake_scarcity,FN_vs_TP
un,0.02474680440533949,0.0,0.02474680440533949,word,fake_scarcity,FN_vs_TP
la,0.02948580068828951,0.005737249387038151,0.02374855130125136,word,fake_scarcity,FN_vs_TP
los,0.03402971052754264,0.011261610811177832,0.022768099716364808,word,fake_scarcity,FN_vs_TP
de __num__,0.02235414713594768,0.0,0.02235414713594768,word,fake_scarcity,FN_vs_TP
está,0.02816680808355128,0.006819325856928366,0.021347482226622912,word,fake_scarcity,FN_vs_TP
__social_count__,0.021284603091399824,0.0,0.021284603091399824,word,fake_scarcity,FN_vs_TP
rápido,0.052759966961681025,0.03256586825933063,0.020194098702350394,word,fake_scarcity,FN_vs_TP
las,0.02535805084547576,0.005737249387038151,0.019620801458437608,word,fake_scarcity,FN_vs_TP
más de,0.019422998029810977,0.0,0.019422998029810977,word,fake_scarcity,FN_vs_TP
en su,0.019303615214654804,0.0,0.019303615214654804,word,fake_scarcity,FN_vs_TP
__people__ tienen,0.019303615214654804,0.0,0.019303615214654804,word,fake_scarcity,FN_vs_TP
en su carrito,0.019303615214654804,0.0,0.019303615214654804,word,fake_scarcity,FN_vs_TP
tiene mucha,0.019275217207619665,0.0,0.019275217207619665,word,fake_scarcity,FN_vs_TP
tiene,0.019275217207619665,0.0,0.019275217207619665,word,fake_scarcity,FN_vs_TP
tiene mucha demanda,0.019275217207619665,0.0,0.019275217207619665,word,fake_scarcity,FN_vs_TP
popular,0.019241056230377605,0.0,0.019241056230377605,word,fake_scarcity,FN_vs_TP
carrito tienen,0.018806354408282044,0.0,0.018806354408282044,word,fake_scarcity,FN_vs_TP
tu carrito tienen,0.018806354408282044,0.0,0.018806354408282044,word,fake_scarcity,FN_vs_TP
en tu carrito,0.024537835763936092,0.006205678972223971,0.01833215679171212,word,fake_scarcity,FN_vs_TP
en tu,0.024537835763936092,0.006205678972223971,0.01833215679171212,word,fake_scarcity,FN_vs_TP
tu carrito,0.024537835763936092,0.006205678972223971,0.01833215679171212,word,fake_scarcity,FN_vs_TP
un artículo,0.017730970577883635,0.0,0.017730970577883635,word,fake_scarcity,FN_vs_TP
muy,0.01693668288568425,0.0,0.01693668288568425,word,fake_scarcity,FN_vs_TP
artículos,0.030298824648265207,0.013628484340325007,0.0166703403079402,word,fake_scarcity,FN_vs_TP
este artículo,0.026187078691537136,0.010421239051911498,0.015765839639625637,word,fake_scarcity,FN_vs_TP
ema,0.04237202502382581,0.0,0.04237202502382581,char,fake_scarcity,FN_vs_TP
dem,0.03967610925516581,0.0,0.03967610925516581,char,fake_scarcity,FN_vs_TP
 dem,0.03967610925516581,0.0,0.03967610925516581,char,fake_scarcity,FN_vs_TP
 dema,0.03967610925516581,0.0,0.03967610925516581,char,fake_scarcity,FN_vs_TP
dema,0.03967610925516581,0.0,0.03967610925516581,char,fake_scarcity,FN_vs_TP
 de,0.048032408192786105,0.008733837468833255,0.03929857072395285,char,fake_scarcity,FN_vs_TP
eman,0.03884637123103001,0.0,0.03884637123103001,char,fake_scarcity,FN_vs_TP
man,0.03884637123103001,0.0,0.03884637123103001,char,fake_scarcity,FN_vs_TP
and,0.038810234465547926,0.0,0.038810234465547926,char,fake_scarcity,FN_vs_TP
mand,0.03749841334670002,0.0,0.03749841334670002,char,fake_scarcity,FN_vs_TP
deman,0.03749841334670002,0.0,0.03749841334670002,char,fake_scarcity,FN_vs_TP
emand,0.03749841334670002,0.0,0.03749841334670002,char,fake_scarcity,FN_vs_TP
manda,0.03749841334670002,0.0,0.03749841334670002,char,fake_scarcity,FN_vs_TP
nda,0.03749841334670002,0.0,0.03749841334670002,char,fake_scarcity,FN_vs_TP
anda,0.03749841334670002,0.0,0.03749841334670002,char,fake_scarcity,FN_vs_TP
to ,0.03663593538427569,0.005398803865503639,0.03123713151877205,char,fake_scarcity,FN_vs_TP
 al,0.026145255386498263,0.0,0.026145255386498263,char,fake_scarcity,FN_vs_TP
ta ,0.025329830923174177,0.0,0.025329830923174177,char,fake_scarcity,FN_vs_TP
 pr,0.03370139111508805,0.008402999455310797,0.02529839165977725,char,fake_scarcity,FN_vs_TP
anda ,0.024634786783276817,0.0,0.024634786783276817,char,fake_scarcity,FN_vs_TP
nda ,0.024634786783276817,0.0,0.024634786783276817,char,fake_scarcity,FN_vs_TP
 alt,0.024534773657331414,0.0,0.024534773657331414,char,fake_scarcity,FN_vs_TP
alta,0.024534773657331414,0.0,0.024534773657331414,char,fake_scarcity,FN_vs_TP
alt,0.024534773657331414,0.0,0.024534773657331414,char,fake_scarcity,FN_vs_TP
 alta,0.024534773657331414,0.0,0.024534773657331414,char,fake_scarcity,FN_vs_TP
lta,0.024534773657331414,0.0,0.024534773657331414,char,fake_scarcity,FN_vs_TP
da ,0.025311206601778796,0.0025405450388650427,0.022770661562913755,char,fake_scarcity,FN_vs_TP
lta ,0.021880981526986497,0.0,0.021880981526986497,char,fake_scarcity,FN_vs_TP
alta ,0.021880981526986497,0.0,0.021880981526986497,char,fake_scarcity,FN_vs_TP
pro,0.021693818800602473,0.0,0.021693818800602473,char,fake_scarcity,FN_vs_TP
 pro,0.021693818800602473,0.0,0.021693818800602473,char,fake_scarcity,FN_vs_TP
 ti,0.02048079271117615,0.0,0.02048079271117615,char,fake_scarcity,FN_vs_TP
tiene,0.02048079271117615,0.0,0.02048079271117615,char,fake_scarcity,FN_vs_TP
 tien,0.02048079271117615,0.0,0.02048079271117615,char,fake_scarcity,FN_vs_TP
ene,0.02048079271117615,0.0,0.02048079271117615,char,fake_scarcity,FN_vs_TP
tien,0.02048079271117615,0.0,0.02048079271117615,char,fake_scarcity,FN_vs_TP
tie,0.02048079271117615,0.0,0.02048079271117615,char,fake_scarcity,FN_vs_TP
 tie,0.02048079271117615,0.0,0.02048079271117615,char,fake_scarcity,FN_vs_TP
iene,0.02048079271117615,0.0,0.02048079271117615,char,fake_scarcity,FN_vs_TP
ito,0.023927965181653084,0.003990329168507236,0.019937636013145847,char,fake_scarcity,FN_vs_TP
rit,0.023927965181653084,0.003990329168507236,0.019937636013145847,char,fake_scarcity,FN_vs_TP
rri,0.023927965181653084,0.003990329168507236,0.019937636013145847,char,fake_scarcity,FN_vs_TP
rrit,0.023927965181653084,0.003990329168507236,0.019937636013145847,char,fake_scarcity,FN_vs_TP
 carr,0.023927965181653084,0.003990329168507236,0.019937636013145847,char,fake_scarcity,FN_vs_TP
rrito,0.023927965181653084,0.003990329168507236,0.019937636013145847,char,fake_scarcity,FN_vs_TP
 car,0.023927965181653084,0.003990329168507236,0.019937636013145847,char,fake_scarcity,FN_vs_TP
carri,0.023927965181653084,0.003990329168507236,0.019937636013145847,char,fake_scarcity,FN_vs_TP
carr,0.023927965181653084,0.003990329168507236,0.019937636013145847,char,fake_scarcity,FN_vs_TP
rito,0.023927965181653084,0.003990329168507236,0.019937636013145847,char,fake_scarcity,FN_vs_TP
arr,0.023927965181653084,0.003990329168507236,0.019937636013145847,char,fake_scarcity,FN_vs_TP
sin,0.3414213562373095,0.0,0.3414213562373095,word,shaming,FN_vs_TP
descuento,0.14142135623730953,0.0058579709774339616,0.13556338525987557,word,shaming,FN_vs_TP
una,0.14142135623730953,0.0077344072890384976,0.13368694894827104,word,shaming,FN_vs_TP
soy,0.14142135623730953,0.010335708187892562,0.13108564804941697,word,shaming,FN_vs_TP
si,0.09500641312877414,0.008456942484196811,0.08654947064457733,word,shaming,FN_vs_TP
amo,0.09500641312877414,0.011148719909260857,0.08385769321951328,word,shaming,FN_vs_TP
las ofertas,0.08848622266597925,0.00880156162963446,0.07968466103634479,word,shaming,FN_vs_TP
ofertas,0.08848622266597925,0.00880156162963446,0.07968466103634479,word,shaming,FN_vs_TP
las,0.07929653034920803,0.015944916336817074,0.06335161401239095,word,shaming,FN_vs_TP
completo por,0.0,0.008394255859712995,-0.008394255859712995,word,shaming,FN_vs_TP
precio completo por,0.0,0.008394255859712995,-0.008394255859712995,word,shaming,FN_vs_TP
último en enterarme,0.0,0.009206588023180032,-0.009206588023180032,word,shaming,FN_vs_TP
en,0.0,0.009206588023180032,-0.009206588023180032,word,shaming,FN_vs_TP
último en,0.0,0.009206588023180032,-0.009206588023180032,word,shaming,FN_vs_TP
en enterarme,0.0,0.009206588023180032,-0.009206588023180032,word,shaming,FN_vs_TP
enterarme,0.0,0.009206588023180032,-0.009206588023180032,word,shaming,FN_vs_TP
el último en,0.0,0.009206588023180032,-0.009206588023180032,word,shaming,FN_vs_TP
el último,0.0,0.009206588023180032,-0.009206588023180032,word,shaming,FN_vs_TP
último,0.0,0.009206588023180032,-0.009206588023180032,word,shaming,FN_vs_TP
me gustan las,0.0,0.009450112968658993,-0.009450112968658993,word,shaming,FN_vs_TP
gustan las ofertas,0.0,0.009450112968658993,-0.009450112968658993,word,shaming,FN_vs_TP
gustan las,0.0,0.009450112968658993,-0.009450112968658993,word,shaming,FN_vs_TP
las cosas,0.0,0.009653740656816973,-0.009653740656816973,word,shaming,FN_vs_TP
no gracias voy,0.0,0.010175174271489833,-0.010175174271489833,word,shaming,FN_vs_TP
voy,0.0,0.010175174271489833,-0.010175174271489833,word,shaming,FN_vs_TP
gracias voy,0.0,0.010175174271489833,-0.010175174271489833,word,shaming,FN_vs_TP
gusta la,0.0,0.010242684831905376,-0.010242684831905376,word,shaming,FN_vs_TP
me gusta la,0.0,0.010242684831905376,-0.010242684831905376,word,shaming,FN_vs_TP
diversión,0.0,0.010664143542376636,-0.010664143542376636,word,shaming,FN_vs_TP
no quiero ahorrar,0.0,0.01114484045983843,-0.01114484045983843,word,shaming,FN_vs_TP
quiero ahorrar,0.0,0.01114484045983843,-0.01114484045983843,word,shaming,FN_vs_TP
no gracias dejaré,0.0,0.011151224021004803,-0.011151224021004803,word,shaming,FN_vs_TP
gracias dejaré,0.0,0.011151224021004803,-0.011151224021004803,word,shaming,FN_vs_TP
dejaré,0.0,0.011151224021004803,-0.011151224021004803,word,shaming,FN_vs_TP
esta oferta,0.0,0.011151224021004803,-0.011151224021004803,word,shaming,FN_vs_TP
esta,0.0,0.011151224021004803,-0.011151224021004803,word,shaming,FN_vs_TP
preferiría,0.0,0.011184271287758115,-0.011184271287758115,word,shaming,FN_vs_TP
gracias preferiría,0.0,0.011184271287758115,-0.011184271287758115,word,shaming,FN_vs_TP
no gracias preferiría,0.0,0.011184271287758115,-0.011184271287758115,word,shaming,FN_vs_TP
__num__,0.0,0.0111926275410699,-0.0111926275410699,word,shaming,FN_vs_TP
un __num__,0.0,0.0111926275410699,-0.0111926275410699,word,shaming,FN_vs_TP
comida,0.0,0.011369060255992932,-0.011369060255992932,word,shaming,FN_vs_TP
me gustan los,0.0,0.01183405703782757,-0.01183405703782757,word,shaming,FN_vs_TP
gustan los,0.0,0.01183405703782757,-0.01183405703782757,word,shaming,FN_vs_TP
gratis,0.0,0.011865425129416214,-0.011865425129416214,word,shaming,FN_vs_TP
cosas geniales,0.0,0.012344121593298358,-0.012344121593298358,word,shaming,FN_vs_TP
gracias odio,0.0,0.012345562001729284,-0.012345562001729284,word,shaming,FN_vs_TP
no gracias odio,0.0,0.012345562001729284,-0.012345562001729284,word,shaming,FN_vs_TP
por,0.0,0.01262846672122564,-0.01262846672122564,word,shaming,FN_vs_TP
no necesito,0.0,0.012656229911982396,-0.012656229911982396,word,shaming,FN_vs_TP
ect,0.14635422630457917,0.0025766141561051116,0.14377761214847407,char,shaming,FN_vs_TP
 re,0.13631008929198174,0.004858872165571338,0.1314512171264104,char,shaming,FN_vs_TP
 si,0.11222977864249803,0.005257097157390861,0.10697268148510716,char,shaming,FN_vs_TP
 sin,0.09474888327996472,0.0,0.09474888327996472,char,shaming,FN_vs_TP
sin,0.09474888327996472,0.0,0.09474888327996472,char,shaming,FN_vs_TP
sin ,0.09474888327996472,0.0,0.09474888327996472,char,shaming,FN_vs_TP
 sin ,0.09474888327996472,0.0,0.09474888327996472,char,shaming,FN_vs_TP
in ,0.09474888327996472,0.0,0.09474888327996472,char,shaming,FN_vs_TP
na ,0.08058008577983448,0.01054315668532497,0.07003692909450951,char,shaming,FN_vs_TP
nos ,0.05967273316485601,0.0027601118526252256,0.056912621312230786,char,shaming,FN_vs_TP
nos,0.05967273316485601,0.0027601118526252256,0.056912621312230786,char,shaming,FN_vs_TP
 ap,0.05557745608979127,0.005382425444862121,0.050195030644929146,char,shaming,FN_vs_TP
 una,0.04827213048185704,0.00292297529304174,0.0453491551888153,char,shaming,FN_vs_TP
 una ,0.04827213048185704,0.00292297529304174,0.0453491551888153,char,shaming,FN_vs_TP
 soy ,0.04827213048185704,0.00340085622170855,0.04487127426014849,char,shaming,FN_vs_TP
soy ,0.04827213048185704,0.00340085622170855,0.04487127426014849,char,shaming,FN_vs_TP
 soy,0.04827213048185704,0.00340085622170855,0.04487127426014849,char,shaming,FN_vs_TP
soy,0.04827213048185704,0.00340085622170855,0.04487127426014849,char,shaming,FN_vs_TP
con,0.052400912406142766,0.00789064424020524,0.044510268165937526,char,shaming,FN_vs_TP
 con,0.052400912406142766,0.00789064424020524,0.044510268165937526,char,shaming,FN_vs_TP
ers,0.044959264808673655,0.003860545061815227,0.04109871974685843,char,shaming,FN_vs_TP
 ma,0.044959264808673655,0.005401771425270003,0.039557493383403655,char,shaming,FN_vs_TP
 so,0.044959264808673655,0.005521434878148934,0.03943782993052472,char,shaming,FN_vs_TP
una ,0.044959264808673655,0.005788777732341294,0.03917048707633236,char,shaming,FN_vs_TP
una,0.044959264808673655,0.005788777732341294,0.03917048707633236,char,shaming,FN_vs_TP
"si,",0.03971536967163407,0.0026313438667837632,0.037084025804850304,char,shaming,FN_vs_TP
"si, ",0.03971536967163407,0.0026313438667837632,0.037084025804850304,char,shaming,FN_vs_TP
" si,",0.03971536967163407,0.0026313438667837632,0.037084025804850304,char,shaming,FN_vs_TP
"i, ",0.03971536967163407,0.0026313438667837632,0.037084025804850304,char,shaming,FN_vs_TP
" si, ",0.03971536967163407,0.0026313438667837632,0.037084025804850304,char,shaming,FN_vs_TP
la ,0.04238960655697643,0.00622086298692778,0.03616874357004865,char,shaming,FN_vs_TP
amo ,0.03971536967163407,0.004207446062248456,0.035507923609385615,char,shaming,FN_vs_TP
amo,0.03971536967163407,0.004207446062248456,0.035507923609385615,char,shaming,FN_vs_TP
 co,0.055541463029198684,0.020978139348304302,0.03456332368089438,char,shaming,FN_vs_TP
as ,0.05481080347930659,0.022237847407150714,0.03257295607215588,char,shaming,FN_vs_TP
rtas,0.036989745516048146,0.004743768008784259,0.032245977507263886,char,shaming,FN_vs_TP
tas,0.036989745516048146,0.004743768008784259,0.032245977507263886,char,shaming,FN_vs_TP
tas ,0.036989745516048146,0.004743768008784259,0.032245977507263886,char,shaming,FN_vs_TP
rtas ,0.036989745516048146,0.004743768008784259,0.032245977507263886,char,shaming,FN_vs_TP
ertas,0.036989745516048146,0.004743768008784259,0.032245977507263886,char,shaming,FN_vs_TP
raré,0.03507615011510872,0.0029237947993523,0.03215235531575642,char,shaming,FN_vs_TP
raré ,0.03507615011510872,0.0029237947993523,0.03215235531575642,char,shaming,FN_vs_TP
 per,0.04029004288991724,0.00941206990727023,0.030877972982647012,char,shaming,FN_vs_TP
 pe,0.04029004288991724,0.00941206990727023,0.030877972982647012,char,shaming,FN_vs_TP
per,0.04029004288991724,0.00941206990727023,0.030877972982647012,char,shaming,FN_vs_TP
 un,0.03851488710302614,0.00922704073824265,0.02928784636478349,char,shaming,FN_vs_TP
uent,0.03266891073073049,0.004193863689679811,0.02847504704105068,char,shaming,FN_vs_TP
 desc,0.03266891073073049,0.004193863689679811,0.02847504704105068,char,shaming,FN_vs_TP
desc,0.03266891073073049,0.004193863689679811,0.02847504704105068,char,shaming,FN_vs_TP
escu,0.03266891073073049,0.004193863689679811,0.02847504704105068,char,shaming,FN_vs_TP
quiero,0.48464266481635626,0.0,0.48464266481635626,word,shaming,FP_vs_TN
no,0.17579671584378948,0.00453210286873425,0.1712646129750552,word,shaming,FP_vs_TN
mi,0.14699946056725893,0.0006260444980916908,0.14637341606916723,word,shaming,FP_vs_TN
más,0.1136592531455653,0.0067047287480656225,0.10695452439749968,word,shaming,FP_vs_TN
lo quiero,0.10174586128114771,0.0,0.10174586128114771,word,shaming,FP_vs_TN
si,0.08026035475256038,0.00610147275300184,0.07415888199955854,word,shaming,FP_vs_TN
lo,0.06684848289857766,0.010320838684877447,0.05652764421370021,word,shaming,FP_vs_TN
en este,0.05248951174800917,0.0005407608261128546,0.05194875092189632,word,shaming,FP_vs_TN
si me,0.04548741916472357,0.0010287589633138216,0.04445866020140975,word,shaming,FP_vs_TN
me,0.04548741916472357,0.0010287589633138216,0.04445866020140975,word,shaming,FP_vs_TN
una,0.052375292647436074,0.012369968572432815,0.04000532407500326,word,shaming,FP_vs_TN
este artículo recientemente,0.025875278249038416,0.0006035154805972846,0.025271762768441133,word,shaming,FP_vs_TN
artículo recientemente,0.025875278249038416,0.0006035154805972846,0.025271762768441133,word,shaming,FP_vs_TN
que se,0.025875278249038416,0.0009089926733990539,0.024966285575639364,word,shaming,FP_vs_TN
personas,0.024671118703271377,0.001607678297094241,0.023063440406177138,word,shaming,FP_vs_TN
que,0.021769791599432934,0.0037975058437549006,0.01797228575567803,word,shaming,FP_vs_TN
visto este artículo,0.02083577289224916,0.004459389130937149,0.016376383761312008,word,shaming,FP_vs_TN
visto este,0.019737586860585226,0.005765944060007783,0.013971642800577444,word,shaming,FP_vs_TN
han visto este,0.019737586860585226,0.005765944060007783,0.013971642800577444,word,shaming,FP_vs_TN
este,0.03807746531341932,0.024801881422777648,0.013275583890641676,word,shaming,FP_vs_TN
se,0.019737586860585226,0.006961945368709593,0.012775641491875633,word,shaming,FP_vs_TN
recientemente,0.019138605334177758,0.006577212244723882,0.012561393089453875,word,shaming,FP_vs_TN
han visto,0.018868464495594494,0.0070694760149851085,0.011798988480609385,word,shaming,FP_vs_TN
visto,0.01773022332357843,0.008882180373376326,0.008848042950202105,word,shaming,FP_vs_TN
este artículo,0.016100028877886415,0.013180764816596644,0.0029192640612897714,word,shaming,FP_vs_TN
artículo,0.015359444665066595,0.014434117783529007,0.0009253268815375883,word,shaming,FP_vs_TN
han,0.014929762069725839,0.015173507241831766,-0.0002437451721059268,word,shaming,FP_vs_TN
extra __num__ off,0.0,0.0005835130064525617,-0.0005835130064525617,word,shaming,FP_vs_TN
extra __num__,0.0,0.0005835130064525617,-0.0005835130064525617,word,shaming,FP_vs_TN
in __num__ __num__,0.0,0.0006750013358379381,-0.0006750013358379381,word,shaming,FP_vs_TN
please,0.0,0.0006836467822606876,-0.0006836467822606876,word,shaming,FP_vs_TN
chance,0.0,0.0006954577661840971,-0.0006954577661840971,word,shaming,FP_vs_TN
last,0.0,0.0006954577661840971,-0.0006954577661840971,word,shaming,FP_vs_TN
last chance,0.0,0.0006954577661840971,-0.0006954577661840971,word,shaming,FP_vs_TN
que pediste,0.0,0.0006987031962168764,-0.0006987031962168764,word,shaming,FP_vs_TN
que pediste tiene,0.0,0.0006987031962168764,-0.0006987031962168764,word,shaming,FP_vs_TN
mucha demanda no,0.0,0.0006987031962168764,-0.0006987031962168764,word,shaming,FP_vs_TN
un artículo que,0.0,0.0006987031962168764,-0.0006987031962168764,word,shaming,FP_vs_TN
no te preocupes,0.0,0.0006987031962168764,-0.0006987031962168764,word,shaming,FP_vs_TN
artículo que,0.0,0.0006987031962168764,-0.0006987031962168764,word,shaming,FP_vs_TN
demanda no,0.0,0.0006987031962168764,-0.0006987031962168764,word,shaming,FP_vs_TN
preocupes,0.0,0.0006987031962168764,-0.0006987031962168764,word,shaming,FP_vs_TN
preocupes hemos,0.0,0.0006987031962168764,-0.0006987031962168764,word,shaming,FP_vs_TN
pediste tiene mucha,0.0,0.0006987031962168764,-0.0006987031962168764,word,shaming,FP_vs_TN
pediste tiene,0.0,0.0006987031962168764,-0.0006987031962168764,word,shaming,FP_vs_TN
pediste,0.0,0.0006987031962168764,-0.0006987031962168764,word,shaming,FP_vs_TN
artículo que pediste,0.0,0.0006987031962168764,-0.0006987031962168764,word,shaming,FP_vs_TN
demanda no te,0.0,0.0006987031962168764,-0.0006987031962168764,word,shaming,FP_vs_TN
te preocupes hemos,0.0,0.0006987031962168764,-0.0006987031962168764,word,shaming,FP_vs_TN
te preocupes,0.0,0.0006987031962168764,-0.0006987031962168764,word,shaming,FP_vs_TN
uiero,0.1494931451167837,0.0,0.1494931451167837,char,shaming,FP_vs_TN
iero ,0.1494931451167837,0.0,0.1494931451167837,char,shaming,FP_vs_TN
uier,0.14663079874249837,0.00021409642137961235,0.14641670232111875,char,shaming,FP_vs_TN
quie,0.14663079874249837,0.00021409642137961235,0.14641670232111875,char,shaming,FP_vs_TN
quier,0.14663079874249837,0.00021409642137961235,0.14641670232111875,char,shaming,FP_vs_TN
 quie,0.14663079874249837,0.00021409642137961235,0.14641670232111875,char,shaming,FP_vs_TN
 qui,0.1440176812354371,0.0004826173968035816,0.14353506383863351,char,shaming,FP_vs_TN
qui,0.14161384615121317,0.0006833473030652616,0.1409304988481479,char,shaming,FP_vs_TN
ero ,0.14161384615121317,0.0007077387909401484,0.140906107360273,char,shaming,FP_vs_TN
ro ,0.12867661404743594,0.0017441031727321876,0.12693251087470375,char,shaming,FP_vs_TN
iero,0.12721135241643416,0.002385218546421077,0.12482613387001308,char,shaming,FP_vs_TN
ero,0.11649972397677066,0.0036592700646770515,0.11284045391209362,char,shaming,FP_vs_TN
uie,0.11551498309532929,0.0037098783549377435,0.11180510474039154,char,shaming,FP_vs_TN
ier,0.11551498309532929,0.0039030825520668462,0.11161190054326244,char,shaming,FP_vs_TN
 qu,0.11295220698747045,0.005153946745853301,0.10779826024161715,char,shaming,FP_vs_TN
 no,0.055125025773481655,0.0018296460208711367,0.05329537975261052,char,shaming,FP_vs_TN
 no ,0.04142817354807074,0.0010672887606476087,0.04036088478742313,char,shaming,FP_vs_TN
dig,0.038441291301328985,0.00025150955483565335,0.03818978174649333,char,shaming,FP_vs_TN
mi ,0.03512955227110704,0.00023242708850226848,0.03489712518260477,char,shaming,FP_vs_TN
 mi ,0.03512955227110704,0.00023242708850226848,0.03489712518260477,char,shaming,FP_vs_TN
"si, ",0.03578433764690335,0.0013122772598232967,0.034472060387080054,char,shaming,FP_vs_TN
"si,",0.03578433764690335,0.0013122772598232967,0.034472060387080054,char,shaming,FP_vs_TN
" si, ",0.03578433764690335,0.0013122772598232967,0.034472060387080054,char,shaming,FP_vs_TN
" si,",0.03578433764690335,0.0013122772598232967,0.034472060387080054,char,shaming,FP_vs_TN
ias ,0.03477670133984331,0.00047150981253202035,0.03430519152731129,char,shaming,FP_vs_TN
ias,0.03477670133984331,0.00047150981253202035,0.03430519152731129,char,shaming,FP_vs_TN
"i, ",0.0348885938549236,0.001487629876377798,0.0334009639785458,char,shaming,FP_vs_TN
 má,0.03514179336037665,0.002777158735169342,0.032364634625207306,char,shaming,FP_vs_TN
 más ,0.03514179336037665,0.002777158735169342,0.032364634625207306,char,shaming,FP_vs_TN
más,0.03514179336037665,0.002777158735169342,0.032364634625207306,char,shaming,FP_vs_TN
más ,0.03514179336037665,0.002777158735169342,0.032364634625207306,char,shaming,FP_vs_TN
 más,0.03514179336037665,0.002777158735169342,0.032364634625207306,char,shaming,FP_vs_TN
ás ,0.03514179336037665,0.002777158735169342,0.032364634625207306,char,shaming,FP_vs_TN
no ,0.03449622987731361,0.0034684711057330724,0.031027758771580535,char,shaming,FP_vs_TN
raci,0.027798732223703382,0.0002380058169265762,0.027560726406776807,char,shaming,FP_vs_TN
 si,0.02983220674416686,0.0033082878384908094,0.026523918905676052,char,shaming,FP_vs_TN
er ,0.0345303693126298,0.008213161558967582,0.026317207753662218,char,shaming,FP_vs_TN
 lo ,0.030251628821651846,0.00495214083776564,0.025299487983886208,char,shaming,FP_vs_TN
uscri,0.02545970683561312,0.00043827565764124345,0.025021431177971877,char,shaming,FP_vs_TN
susc,0.02545970683561312,0.00043827565764124345,0.025021431177971877,char,shaming,FP_vs_TN
suscr,0.02545970683561312,0.00043827565764124345,0.025021431177971877,char,shaming,FP_vs_TN
 susc,0.02545970683561312,0.00043827565764124345,0.025021431177971877,char,shaming,FP_vs_TN
uscr,0.02545970683561312,0.00043827565764124345,0.025021431177971877,char,shaming,FP_vs_TN
rac,0.02550161123709005,0.0006293172269624662,0.024872294010127582,char,shaming,FP_vs_TN
 gra,0.02550161123709005,0.0007223417880919119,0.024779269448998137,char,shaming,FP_vs_TN
 gr,0.02550161123709005,0.0007223417880919119,0.024779269448998137,char,shaming,FP_vs_TN
gra,0.02550161123709005,0.0007223417880919119,0.024779269448998137,char,shaming,FP_vs_TN
 sus,0.0246411760960225,0.0006576861989909465,0.023983489897031553,char,shaming,FP_vs_TN
sus,0.0246411760960225,0.0006576861989909465,0.023983489897031553,char,shaming,FP_vs_TN
cri,0.0246411760960225,0.0006844620284099465,0.02395671406761255,char,shaming,FP_vs_TN
__social_count__,0.13265455971744192,0.017629913366894224,0.1150246463505477,word,social_proof,FN_vs_TP
compró,0.07413406392626967,0.0210635741104849,0.05307048981578477,word,social_proof,FN_vs_TP
veces,0.05232510159371999,0.002875234198935846,0.049449867394784144,word,social_proof,FN_vs_TP
__num__ veces,0.05232510159371999,0.002875234198935846,0.049449867394784144,word,social_proof,FN_vs_TP
últimos,0.04575621040813189,0.0024910414579449552,0.043265168950186936,word,social_proof,FN_vs_TP
los últimos,0.04575621040813189,0.0024910414579449552,0.043265168950186936,word,social_proof,FN_vs_TP
en los últimos,0.04575621040813189,0.0024910414579449552,0.043265168950186936,word,social_proof,FN_vs_TP
los,0.044763185638009975,0.004631611600660568,0.040131574037349405,word,social_proof,FN_vs_TP
en los,0.044763185638009975,0.004631611600660568,0.040131574037349405,word,social_proof,FN_vs_TP
más,0.04039333525186363,0.006225695957099266,0.034167639294764365,word,social_proof,FN_vs_TP
__num__,0.08269597023761421,0.051592378389128134,0.03110359184848608,word,social_proof,FN_vs_TP
en,0.08143207619891898,0.0519724560793267,0.029459620119592286,word,social_proof,FN_vs_TP
clientes,0.03572566564366508,0.006370156545378637,0.029355509098286447,word,social_proof,FN_vs_TP
__social_count__ por,0.028324408330412387,0.0,0.028324408330412387,word,social_proof,FN_vs_TP
__timer__,0.027828173605340276,0.0014481668552067607,0.026380006750133515,word,social_proof,FN_vs_TP
los últimos __timer__,0.027828173605340276,0.0014481668552067607,0.026380006750133515,word,social_proof,FN_vs_TP
últimos __timer__,0.027828173605340276,0.0014481668552067607,0.026380006750133515,word,social_proof,FN_vs_TP
compró una,0.03306376960308229,0.007264764340793787,0.025799005262288503,word,social_proof,FN_vs_TP
__social_count__ en los,0.023579440214611603,0.0,0.023579440214611603,word,social_proof,FN_vs_TP
__social_count__ la bolsa,0.022491075452028365,0.0,0.022491075452028365,word,social_proof,FN_vs_TP
__social_count__ la,0.022491075452028365,0.0,0.022491075452028365,word,social_proof,FN_vs_TP
la bolsa,0.02535233055103495,0.003054388209903055,0.022297942341131895,word,social_proof,FN_vs_TP
por,0.025598841517025996,0.003804313544323498,0.021794527972702496,word,social_proof,FN_vs_TP
visto __num__,0.02283377179584571,0.0016334254443105285,0.021200346351535185,word,social_proof,FN_vs_TP
visto __num__ veces,0.02283377179584571,0.0016334254443105285,0.021200346351535185,word,social_proof,FN_vs_TP
rápido,0.023291404319840288,0.0021829559988980284,0.02110844832094226,word,social_proof,FN_vs_TP
una,0.03689797585651781,0.01597133731485486,0.020926638541662948,word,social_proof,FN_vs_TP
veces en,0.022443121597732964,0.0015713526660647568,0.020871768931668207,word,social_proof,FN_vs_TP
__num__ veces en,0.022443121597732964,0.0015713526660647568,0.020871768931668207,word,social_proof,FN_vs_TP
esta,0.028156063731881082,0.007879942296312191,0.02027612143556889,word,social_proof,FN_vs_TP
__num__ clientes,0.02664238554710783,0.006533671907829939,0.020108713639277888,word,social_proof,FN_vs_TP
días,0.018995647331432518,0.0,0.018995647331432518,word,social_proof,FN_vs_TP
los últimos días,0.018995647331432518,0.0,0.018995647331432518,word,social_proof,FN_vs_TP
últimos días,0.018995647331432518,0.0,0.018995647331432518,word,social_proof,FN_vs_TP
la,0.02812292217510876,0.00915025414678103,0.018972668028327727,word,social_proof,FN_vs_TP
veces en los,0.018373331592309815,0.0,0.018373331592309815,word,social_proof,FN_vs_TP
bolsa,0.02392416807205721,0.005871451942708364,0.018052716129348848,word,social_proof,FN_vs_TP
clientes han,0.017103401128003994,0.0,0.017103401128003994,word,social_proof,FN_vs_TP
__num__ clientes han,0.017103401128003994,0.0,0.017103401128003994,word,social_proof,FN_vs_TP
cesta,0.016179026527404404,0.0,0.016179026527404404,word,social_proof,FN_vs_TP
hora,0.025219771632928982,0.009072845821883505,0.016146925811045477,word,social_proof,FN_vs_TP
comprado __num__ veces,0.015371072264103707,0.0,0.015371072264103707,word,social_proof,FN_vs_TP
comprado __num__,0.015371072264103707,0.0,0.015371072264103707,word,social_proof,FN_vs_TP
no,0.014475948657509912,0.0,0.014475948657509912,word,social_proof,FN_vs_TP
__num__ veces hoy,0.01644186808156107,0.0019711805242728386,0.01447068755728823,word,social_proof,FN_vs_TP
veces hoy,0.01644186808156107,0.0019711805242728386,0.01447068755728823,word,social_proof,FN_vs_TP
este artículo recientemente,0.014309523226594607,0.0,0.014309523226594607,word,social_proof,FN_vs_TP
artículo recientemente,0.014309523226594607,0.0,0.014309523226594607,word,social_proof,FN_vs_TP
añadido la,0.01428300169872797,0.0,0.01428300169872797,word,social_proof,FN_vs_TP
popular,0.020172653931115676,0.006040069158053434,0.014132584773062243,word,social_proof,FN_vs_TP
es ,0.03698247619388144,0.006992586201367425,0.029989889992514014,char,social_proof,FN_vs_TP
ces,0.02873990486376706,0.0012070122223332325,0.02753289264143383,char,social_proof,FN_vs_TP
al_c,0.03299707325621257,0.006644266833557064,0.026352806422655504,char,social_proof,FN_vs_TP
nt_,0.03299707325621257,0.006644266833557064,0.026352806422655504,char,social_proof,FN_vs_TP
_so,0.03299707325621257,0.006644266833557064,0.026352806422655504,char,social_proof,FN_vs_TP
oci,0.03299707325621257,0.006644266833557064,0.026352806422655504,char,social_proof,FN_vs_TP
_cou,0.03299707325621257,0.006644266833557064,0.026352806422655504,char,social_proof,FN_vs_TP
_co,0.03299707325621257,0.006644266833557064,0.026352806422655504,char,social_proof,FN_vs_TP
 __so,0.03299707325621257,0.006644266833557064,0.026352806422655504,char,social_proof,FN_vs_TP
ount_,0.03299707325621257,0.006644266833557064,0.026352806422655504,char,social_proof,FN_vs_TP
ount,0.03299707325621257,0.006644266833557064,0.026352806422655504,char,social_proof,FN_vs_TP
oun,0.03299707325621257,0.006644266833557064,0.026352806422655504,char,social_proof,FN_vs_TP
nt__ ,0.03299707325621257,0.006644266833557064,0.026352806422655504,char,social_proof,FN_vs_TP
nt__,0.03299707325621257,0.006644266833557064,0.026352806422655504,char,social_proof,FN_vs_TP
unt__,0.03299707325621257,0.006644266833557064,0.026352806422655504,char,social_proof,FN_vs_TP
__soc,0.03299707325621257,0.006644266833557064,0.026352806422655504,char,social_proof,FN_vs_TP
ial_c,0.03299707325621257,0.006644266833557064,0.026352806422655504,char,social_proof,FN_vs_TP
ial_,0.03299707325621257,0.006644266833557064,0.026352806422655504,char,social_proof,FN_vs_TP
ial,0.03299707325621257,0.006644266833557064,0.026352806422655504,char,social_proof,FN_vs_TP
__so,0.03299707325621257,0.006644266833557064,0.026352806422655504,char,social_proof,FN_vs_TP
al_,0.03299707325621257,0.006644266833557064,0.026352806422655504,char,social_proof,FN_vs_TP
ocial,0.03299707325621257,0.006644266833557064,0.026352806422655504,char,social_proof,FN_vs_TP
_soc,0.03299707325621257,0.006644266833557064,0.026352806422655504,char,social_proof,FN_vs_TP
_coun,0.03299707325621257,0.006644266833557064,0.026352806422655504,char,social_proof,FN_vs_TP
unt_,0.03299707325621257,0.006644266833557064,0.026352806422655504,char,social_proof,FN_vs_TP
l_co,0.03299707325621257,0.006644266833557064,0.026352806422655504,char,social_proof,FN_vs_TP
al_co,0.03299707325621257,0.006644266833557064,0.026352806422655504,char,social_proof,FN_vs_TP
t__ ,0.03299707325621257,0.006644266833557064,0.026352806422655504,char,social_proof,FN_vs_TP
t__,0.03299707325621257,0.006644266833557064,0.026352806422655504,char,social_proof,FN_vs_TP
cial,0.03299707325621257,0.006644266833557064,0.026352806422655504,char,social_proof,FN_vs_TP
cial_,0.03299707325621257,0.006644266833557064,0.026352806422655504,char,social_proof,FN_vs_TP
socia,0.03299707325621257,0.006644266833557064,0.026352806422655504,char,social_proof,FN_vs_TP
soci,0.03299707325621257,0.006644266833557064,0.026352806422655504,char,social_proof,FN_vs_TP
soc,0.03299707325621257,0.006644266833557064,0.026352806422655504,char,social_proof,FN_vs_TP
cou,0.03299707325621257,0.006644266833557064,0.026352806422655504,char,social_proof,FN_vs_TP
l_cou,0.03299707325621257,0.006644266833557064,0.026352806422655504,char,social_proof,FN_vs_TP
coun,0.03299707325621257,0.006644266833557064,0.026352806422655504,char,social_proof,FN_vs_TP
ocia,0.03299707325621257,0.006644266833557064,0.026352806422655504,char,social_proof,FN_vs_TP
l_c,0.03299707325621257,0.006644266833557064,0.026352806422655504,char,social_proof,FN_vs_TP
_soci,0.03299707325621257,0.006644266833557064,0.026352806422655504,char,social_proof,FN_vs_TP
count,0.03299707325621257,0.006644266833557064,0.026352806422655504,char,social_proof,FN_vs_TP
cia,0.03356029762212153,0.007329922378166072,0.02623037524395546,char,social_proof,FN_vs_TP
 ve,0.031176872222647572,0.005493897905918322,0.02568297431672925,char,social_proof,FN_vs_TP
unt,0.03259116089212883,0.007088155357775733,0.0255030055343531,char,social_proof,FN_vs_TP
vece,0.02419753354793481,0.0012321571816980548,0.022965376366236755,char,social_proof,FN_vs_TP
ces ,0.02419753354793481,0.0012321571816980548,0.022965376366236755,char,social_proof,FN_vs_TP
veces,0.02419753354793481,0.0012321571816980548,0.022965376366236755,char,social_proof,FN_vs_TP
eces,0.02419753354793481,0.0012321571816980548,0.022965376366236755,char,social_proof,FN_vs_TP
eces ,0.02419753354793481,0.0012321571816980548,0.022965376366236755,char,social_proof,FN_vs_TP
 vec,0.02419753354793481,0.0012321571816980548,0.022965376366236755,char,social_proof,FN_vs_TP
__num__,0.16934678153913868,0.05078849897217835,0.11855828256696033,word,social_proof,FP_vs_TN
de,0.10728991841795454,0.015505284093876734,0.09178463432407781,word,social_proof,FP_vs_TN
__num__ __num__,0.07460743441700443,0.0006372994172371412,0.07397013499976729,word,social_proof,FP_vs_TN
en,0.0957614977459284,0.02974795099500632,0.06601354675092208,word,social_proof,FP_vs_TN
demanda,0.04437193597677007,0.005636439713167095,0.038735496263602974,word,social_proof,FP_vs_TN
rápido,0.03970442706858353,0.0011609428300062264,0.0385434842385773,word,social_proof,FP_vs_TN
artículos,0.03252528746976085,0.0,0.03252528746976085,word,social_proof,FP_vs_TN
una,0.039399278726185934,0.007161292433263579,0.032237986292922356,word,social_proof,FP_vs_TN
__num__ __num__ __num__,0.03097349564955208,0.0,0.03097349564955208,word,social_proof,FP_vs_TN
seconds,0.03719149359021779,0.007200849142630372,0.02999064444758742,word,social_proof,FP_vs_TN
artículos en,0.02751550269875025,0.0,0.02751550269875025,word,social_proof,FP_vs_TN
lanzamiento,0.027820622245653327,0.0010155566866218155,0.02680506555903151,word,social_proof,FP_vs_TN
de __num__,0.02553128289888816,0.0,0.02553128289888816,word,social_proof,FP_vs_TN
hrs __num__,0.02355365583298257,0.0004882907718499796,0.023065365061132593,word,social_proof,FP_vs_TN
__num__ hrs,0.02355365583298257,0.0004882907718499796,0.023065365061132593,word,social_proof,FP_vs_TN
__num__ hrs __num__,0.02355365583298257,0.0004882907718499796,0.023065365061132593,word,social_proof,FP_vs_TN
en tu,0.022553037329392685,0.0,0.022553037329392685,word,social_proof,FP_vs_TN
en tu carrito,0.022553037329392685,0.0,0.022553037329392685,word,social_proof,FP_vs_TN
tu carrito,0.022553037329392685,0.0,0.022553037329392685,word,social_proof,FP_vs_TN
hrs,0.022013840587276436,0.002695263918557861,0.019318576668718574,word,social_proof,FP_vs_TN
__num__ hours __num__,0.021063464743893322,0.0023509661327431874,0.018712498611150135,word,social_proof,FP_vs_TN
carrito,0.02129538050442414,0.002605475091748958,0.018689905412675182,word,social_proof,FP_vs_TN
artículos en tu,0.01770190321758572,0.0,0.01770190321758572,word,social_proof,FP_vs_TN
los artículos,0.01770190321758572,0.0,0.01770190321758572,word,social_proof,FP_vs_TN
los artículos en,0.01770190321758572,0.0,0.01770190321758572,word,social_proof,FP_vs_TN
en __num__,0.022630112771200077,0.0053257076189336386,0.017304405152266437,word,social_proof,FP_vs_TN
persona,0.01685628167958076,0.0,0.01685628167958076,word,social_proof,FP_vs_TN
se,0.023439064050961453,0.007026325566763003,0.01641273848419845,word,social_proof,FP_vs_TN
__num__ hours,0.02033638471039805,0.004151585738801741,0.016184798971596307,word,social_proof,FP_vs_TN
in __num__ hrs,0.016235115931925805,0.000517128116252382,0.015717987815673424,word,social_proof,FP_vs_TN
__num__ minutes,0.02203307396632292,0.00640822290539543,0.01562485106092749,word,social_proof,FP_vs_TN
in __num__,0.019264064642447294,0.0038579233427419746,0.01540614129970532,word,social_proof,FP_vs_TN
__num__ seconds,0.021704983713489376,0.00640822290539543,0.015296760808093945,word,social_proof,FP_vs_TN
__num__ minutos,0.016300945454581425,0.001052453313027181,0.015248492141554245,word,social_proof,FP_vs_TN
en __num__ minutos,0.016300945454581425,0.001052453313027181,0.015248492141554245,word,social_proof,FP_vs_TN
alta,0.019375362228271152,0.0045150911969298385,0.014860271031341313,word,social_proof,FP_vs_TN
__num__ __num__ seconds,0.014483506978412428,0.0,0.014483506978412428,word,social_proof,FP_vs_TN
hrs __num__ mins,0.014042893260195876,0.0,0.014042893260195876,word,social_proof,FP_vs_TN
está,0.013913703112339372,0.0,0.013913703112339372,word,social_proof,FP_vs_TN
producto,0.015058750009074189,0.001445769269258684,0.013612980739815504,word,social_proof,FP_vs_TN
__num__ mins,0.015498461440314883,0.002322836319852652,0.01317562512046223,word,social_proof,FP_vs_TN
__num__ mins __num__,0.015498461440314883,0.002322836319852652,0.01317562512046223,word,social_proof,FP_vs_TN
mins __num__,0.015498461440314883,0.002322836319852652,0.01317562512046223,word,social_proof,FP_vs_TN
tienen,0.013093675184952382,0.0,0.013093675184952382,word,social_proof,FP_vs_TN
carrito tienen,0.013093675184952382,0.0,0.013093675184952382,word,social_proof,FP_vs_TN
tu carrito tienen,0.013093675184952382,0.0,0.013093675184952382,word,social_proof,FP_vs_TN
de remeras de,0.013003746967825042,0.0,0.013003746967825042,word,social_proof,FP_vs_TN
halloween,0.013003746967825042,0.0,0.013003746967825042,word,social_proof,FP_vs_TN
de remeras,0.013003746967825042,0.0,0.013003746967825042,word,social_proof,FP_vs_TN
de halloween,0.013003746967825042,0.0,0.013003746967825042,word,social_proof,FP_vs_TN
m__ ,0.07221939197403154,0.013961686490189366,0.05825770548384218,char,social_proof,FP_vs_TN
um__ ,0.07221939197403154,0.013961686490189366,0.05825770548384218,char,social_proof,FP_vs_TN
 __nu,0.06913127906068402,0.015720871029847858,0.05341040803083616,char,social_proof,FP_vs_TN
 __n,0.06913127906068402,0.015720871029847858,0.05341040803083616,char,social_proof,FP_vs_TN
m__,0.06867337424460332,0.01823665784127607,0.05043671640332725,char,social_proof,FP_vs_TN
__n,0.06867337424460332,0.01823665784127607,0.05043671640332725,char,social_proof,FP_vs_TN
num,0.06867337424460332,0.01823665784127607,0.05043671640332725,char,social_proof,FP_vs_TN
num_,0.06867337424460332,0.01823665784127607,0.05043671640332725,char,social_proof,FP_vs_TN
num__,0.06867337424460332,0.01823665784127607,0.05043671640332725,char,social_proof,FP_vs_TN
_num,0.06867337424460332,0.01823665784127607,0.05043671640332725,char,social_proof,FP_vs_TN
_nu,0.06867337424460332,0.01823665784127607,0.05043671640332725,char,social_proof,FP_vs_TN
__num,0.06867337424460332,0.01823665784127607,0.05043671640332725,char,social_proof,FP_vs_TN
__nu,0.06867337424460332,0.01823665784127607,0.05043671640332725,char,social_proof,FP_vs_TN
_num_,0.06867337424460332,0.01823665784127607,0.05043671640332725,char,social_proof,FP_vs_TN
um_,0.06867337424460332,0.01823665784127607,0.05043671640332725,char,social_proof,FP_vs_TN
um__,0.06867337424460332,0.01823665784127607,0.05043671640332725,char,social_proof,FP_vs_TN
 de ,0.03206286354726685,0.005100116328767656,0.02696274721849919,char,social_proof,FP_vs_TN
en ,0.036967227429650217,0.010949359151423015,0.0260178682782272,char,social_proof,FP_vs_TN
de ,0.03254867858718344,0.006596013914843581,0.025952664672339858,char,social_proof,FP_vs_TN
 de,0.03850686107723604,0.014213863875157157,0.024292997202078885,char,social_proof,FP_vs_TN
__ ,0.050162368137032606,0.02909882876803022,0.021063539369002387,char,social_proof,FP_vs_TN
ven,0.021413993997714164,0.0021772722883437482,0.019236721709370415,char,social_proof,FP_vs_TN
 __,0.05015973674424026,0.031403660422760715,0.018756076321479548,char,social_proof,FP_vs_TN
 ven,0.019496166706853314,0.0022146954693250606,0.017281471237528254,char,social_proof,FP_vs_TN
ien,0.01968413515000106,0.0030662742262551456,0.01661786092374591,char,social_proof,FP_vs_TN
 artí,0.016476830908479116,0.0008251527338317135,0.015651678174647403,char,social_proof,FP_vs_TN
rtí,0.016476830908479116,0.0008251527338317135,0.015651678174647403,char,social_proof,FP_vs_TN
ícul,0.016476830908479116,0.0008251527338317135,0.015651678174647403,char,social_proof,FP_vs_TN
culo,0.016476830908479116,0.0008251527338317135,0.015651678174647403,char,social_proof,FP_vs_TN
ícu,0.016476830908479116,0.0008251527338317135,0.015651678174647403,char,social_proof,FP_vs_TN
cul,0.016476830908479116,0.0008251527338317135,0.015651678174647403,char,social_proof,FP_vs_TN
 art,0.016476830908479116,0.0008251527338317135,0.015651678174647403,char,social_proof,FP_vs_TN
rtícu,0.016476830908479116,0.0008251527338317135,0.015651678174647403,char,social_proof,FP_vs_TN
tícul,0.016476830908479116,0.0008251527338317135,0.015651678174647403,char,social_proof,FP_vs_TN
ulo,0.016476830908479116,0.0008251527338317135,0.015651678174647403,char,social_proof,FP_vs_TN
tícu,0.016476830908479116,0.0008251527338317135,0.015651678174647403,char,social_proof,FP_vs_TN
tíc,0.016476830908479116,0.0008251527338317135,0.015651678174647403,char,social_proof,FP_vs_TN
artí,0.016476830908479116,0.0008251527338317135,0.015651678174647403,char,social_proof,FP_vs_TN
artíc,0.016476830908479116,0.0008251527338317135,0.015651678174647403,char,social_proof,FP_vs_TN
ículo,0.016476830908479116,0.0008251527338317135,0.015651678174647403,char,social_proof,FP_vs_TN
rtíc,0.016476830908479116,0.0008251527338317135,0.015651678174647403,char,social_proof,FP_vs_TN
 ve,0.018573126382208507,0.003134381217334876,0.01543874516487363,char,social_proof,FP_vs_TN
 en ,0.02515886282741033,0.01016036776403019,0.014998495063380139,char,social_proof,FP_vs_TN
to ,0.02175584872567623,0.007549511299201421,0.014206337426474808,char,social_proof,FP_vs_TN
and,0.017671008303335817,0.003520396318083292,0.014150611985252524,char,social_proof,FP_vs_TN
 ar,0.015696740156304026,0.0018175669082283923,0.013879173248075635,char,social_proof,FP_vs_TN
anda,0.01586834552402795,0.002083731579799581,0.013784613944228367,char,social_proof,FP_vs_TN
manda,0.01586834552402795,0.002083731579799581,0.013784613944228367,char,social_proof,FP_vs_TN
los ,0.0170198884367747,0.0032367664645668163,0.013783121972207884,char,social_proof,FP_vs_TN
ema,0.017523775835281353,0.004051700260050282,0.013472075575231071,char,social_proof,FP_vs_TN
