type,content,source
fake_urgency,NO CUELGUES! EL SALE TERMINA EN 03:16:29:07 DIAS HS MIN SEG,47street
fake_urgency,NO CUELGUES! EL SALE TERMINA EN 00:7:35:52 DIAS HS MIN SEG,47street
fake_scarcity|fake_urgency,"¡No te lo pierdas, es el último!",africamia_jeans
fake_scarcity,¡Solo quedan 5 en stock!,africamia_jeans
social_proof,7 ¡Personas estan viendo este producto ahora!,alevmayorista
fake_urgency,"La Promo Termina: 8 ene., 04:59 (GMT-3) OFERTAS DE AÑO NUEVO",aliexpress
fake_urgency,SuperOfertas Acaba en: 16:57:01,aliexpress
fake_urgency,"Ofertas de Año Nuevo · SuperOfertas Termina: 8 ene., 04:59 (GMT-3)",aliexpress
fake_scarcity,Solo queda(n) 1 en stock (hay más unidades en camino).,amazon
fake_urgency,Oferta por tiempo limitado,amazon
fake_urgency,OFERTA POR TIEMPO LIMITADO,audible
fake_urgency,Flash Deals 4D:12:24:50,banggod
fake_urgency,Fla⚡h Deals 4D:12:24:50,banggod
social_proof,15 personas están viendo esto ahora mismo,bbriw_cosmetics
social_proof,Se vendieron 20 productos en las últimas 6 horas,bbriw_cosmetics
fake_urgency,Oferta por tiempo limitado ¡-87% Solo Ahora! Ahorra 13 € 09:23 minutos restantes,bevrand
fake_scarcity,¡Últimas unidades!,bidcom
fake_urgency,OFERTAS PICANTES HASTA 30% OFF FINALIZA EN 00 : 28 : 00 Horas · Minutos · Segundos,bidcom
fake_urgency,picante FINALIZA EN 00 : 09 : 38 Horas  Minutos  Segundos Ver Productos,bidcom
fake_urgency,OFERTA BOMBA FINALIZA EN: 02:08:56,bidcom
fake_scarcity,(6 disponibles),bidcom
fake_scarcity,¡Últimos! (1 disponibles),boca
fake_scarcity,Stock disponible: (19 disponibles),boca
fake_scarcity,Solo quedan 2 a este precio en nuestra página,booking
fake_scarcity,Solo queda 1 a este precio en nuestra página,booking
fake_urgency,Oferta de tiempo limitado,booking
fake_scarcity,Solo quedan 3 habitaciones a este precio en nuestra página,booking
fake_scarcity,¡Quedan solo 2 en stock!,bozoom
social_proof,Vendido hace 57 minutos,bozoom
fake_scarcity,Quedan 3 lugares 🔥,coderhouse
fake_scarcity,Quedan 6 lugares 🔥,coderhouse
fake_scarcity,Quedan 7 lugares 🔥,coderhouse
social_proof,🔥 34 personas están viendo este producto.,comprasentacna
social_proof,🔥 45 personas están viendo este producto.,comprasentacna
social_proof,🔥 42 personas están viendo este producto.,comprasentacna
social_proof,🔥 43 personas están viendo este producto.,comprasentacna
fake_urgency,CODER SALE 💥 Hasta el 07/01,coderhouse
fake_urgency,CODER SALE 💥 Finaliza en: 2d 12h 48m 51s,coderhouse
fake_scarcity,¡Última disponible!,creciendo
social_proof,¡Hay 6 personas que están comprando lo mismo que tú desde colombia!,crehana
fake_scarcity,¡Última unidad disponible!,dexter
fake_scarcity,"¡No te lo pierdas, es el último!",discordiapersa
fake_scarcity,¡Solo quedan 2 en stock!,discordiapersa
fake_urgency,Todos los cursos por 1239 ARS c/u 00 : 42 : 37 horas mins segs,domestika
fake_urgency,La oferta termina en 00h : 42m : 23s,domestika
fake_urgency,La oferta termina en 02h : 59m : 56s,domestika
fake_scarcity,Último,ebay
social_proof,En más de 20 carritos,etsy
fake_urgency,La oferta termina en 11:18:24,etsy
social_proof|fake_scarcity,Quedan 2 unidades y una está en el carrito de otra persona,etsy
social_proof,En 18 carritos,etsy
social_proof|fake_scarcity,Solo hay 1 y está en 1 carrito,etsy
fake_urgency,SOLO x 24h 00 : 54 : 38,falabella
fake_urgency,SOLO x 24h 18 : 21 : 52,falabella
fake_urgency,Válido del 26/12 al 6/01,fravega
fake_urgency|fake_scarcity,¡NO TE LAS PIERDAS! QUEDAN: 00 : 36 : 29 Horas Mins Seg,gadnic
fake_urgency,OFERTA BOMBA Finaliza en: 02:26:03,gadnic
fake_urgency,OFERTA BOMBA Finaliza en: 00:26:03,gadnic
fake_urgency,OFERTA BOMBA Finaliza en: 04:26:03,gadnic
fake_scarcity,PRODUCTO VIRAL | STOCK BAJO,glowetta
social_proof,Juan P. acaba de comprar Aceite de orégano PACK 2 hace 5 minutos,glowetta
fake_urgency,"La oferta termina el 31 de diciembre, 2025",google
fake_scarcity,¡Quedan 2 habitaciones disponibles!,hospedium
fake_urgency,Hasta 72% off 02 : 19 : 39 : 53,hostinger
fake_urgency|fake_scarcity,Solo quedan pocos cupos. 02:53,kissmetric
fake_urgency,¡Por tiempo limitado!,la_nación
fake_urgency,2x1 en Pantalones Milano solo por hoy 50% off,legacy_club
fake_urgency,FLASH SALE JUST FOR 24 HOURS 11 : 22 : 58,light_in_the_box
fake_scarcity,¡Solo quedan 2 en stock!,loned&carla
fake_scarcity,"¡No te lo pierdas, es el último!",loned&carla
fake_scarcity,¡Última disponible!,mercado_libre
fake_urgency|fake_scarcity,¡NO TE LO PIERDAS! QUEDAN 00 : 14 : 58 : 13 DE DESCUENTOS 9/9,mercado_libre
fake_urgency,Su estado: Desprotegido -69 % de descuento + 3 meses extra 00 : 09 : 37 : 34,nord_vpn
fake_urgency,Aprovecha el precio especial El precio especial termina en: 1d 13h 38m 37s,platzi
fake_urgency,Aprovecha el precio especial Termina en: 1 días 13hrs 38min 11seg,platzi
fake_scarcity,¡Últimas unidades!,puma
ninguno,¡Tenés 30 días de entregas gratis!,rappi
fake_urgency,Venta Flash Termina en > 06 : 41 : 16,shein
fake_urgency,Cupón válido en todo el sitio Expira en 23:59:53,shein
fake_urgency,Venta Flash Por tiempo limitado,shein
fake_urgency,-19% Venta Flash,shein
fake_urgency,-28% | Último día,shein
fake_urgency,¡Último día,shein
fake_scarcity,ÚLTIMAS 1 A PRECIO PROMOC...,temu
fake_urgency,-29% últimos 2 días,temu
fake_urgency,43% DE DESCUENTO tiempo limitado,temu
fake_scarcity,QUEDA(N) 32,temu
fake_urgency,Mega oferta | Termina en 13:13:26:53,temu
fake_urgency,-43% ¡ahora! ¡Agrega al carrito!,temu
fake_scarcity,ÚLTIMAS 1 A PRECIO PROMOCIONAL,temu
fake_urgency,-ARS9.714 adicional 11:58:14,temu
fake_urgency,-ARS5.446 adicional 11:58:14,temu
fake_urgency,Solo hoy 06 enero,pazprofunda
fake_urgency,Finaliza en 09:41,pazprofunda
fake_urgency|fake_scarcity,¡Date prisa! Los paquetes promocionales se agotaran pronto,pazprofunda
fake_scarcity,Actualización: Solo quedan 37 unidades a partir de.,pazprofunda
fake_urgency,AHORA O NUNCA Sale,portsaid
fake_urgency,La oferta termina en 71h 59m,duolingo
fake_urgency,Oferta relámpago de un día,desconocido
fake_urgency,Ventas flash de fin de smeana,temu
fake_scarcity,SOLO QUEDAN(N) 3,temu
fake_urgency,"Último día ",temu
fake_urgency,Última oportunidad,spotify
fake_scarcity,¡Últimas 4 unidades disponibles!,stockcenter
fake_urgency,Solo quedan 12 horas para obtener 21% de descuento,temu
fake_scarcity,CASI AGOTADO(S),temu
fake_scarcity,ADVERTENCIA: ¡ÚLTIMOS ARTÍCULOS EN INVENTARIO!,tienda_clic
fake_scarcity,¡Solo 9 restantes!,wish
fake_urgency,¡Apurate! Estos descuentos terminan pronto,wish
fake_urgency,Flash Sale Termina en 7h 16m 2s.,udemy
fake_urgency,OFERTA FINALIZA EN 53 MIN.,ynkore
ninguno,"4 colores, 5 piezas",wish
ninguno,4 colores,wish
ninguno,Hasta 27% de descuento,wish
ninguno,8 tamaños,wish
ninguno,ARS2.100 de crédito por retraso,temu
ninguno,Llega a AR en tan solo 3 días hábiles después del envío,temu
social_proof,558 ventas,temu
shaming,Continuar sin apoyarnos,Baeldung
shaming,"No gracias, no quiero tener más diversión con mi bicicleta",Bicycling.com
shaming,"No gracias, prefiero pagar el precio completo",Booklinen
shaming,"No, quiero perder 1 dia por semana",ClickUp
shaming,"No gracias, prefiero pagar el precio completo por delicioso té",communiTEA
shaming,"No, no me importa cual es mejor",Desconocido
shaming,"No gracias, estoy bien perdiendo suscriptores",Desconocido
shaming,"No gracias, voy a hacer comida al microondas hoy",Delish
shaming,"No gracias, prefiero hacer todo el trabajo yo",Desconocido
shaming,No quiero beneficios,Despegar
shaming,"No gracias, no quiero entender a mi perro",Dogsters
shaming,Reject the ebook,eBook
shaming,"No gracias, no me gusta ahorrar tiempo y te odio",Desconocido
shaming,Me encanta ahorrar dinero,FashionNova
shaming,"No, estoy feliz con mi página lenta",Desconocido
shaming,"No, estoy dispuesto a arriesgar mi vida",Desconocido
shaming,"No, me gusta pagar el precio completo",Desconocido
shaming,"Olvídalo, quiero juegos geniales",Desconocido
shaming,"No, odio los buenos momentos",Desconocido
shaming,"No gracias, odio los abrazos",Desconocido
shaming,Soy una mala persona,Desconocido
shaming,No quiero aprender,Desconocido
shaming,"No gracias, prefiero no aprender...",Desconocido
shaming,"No gracias, no necesito un logo asombroso",Logo
shaming,"No gracias, no quiero lucir bien",Desconocido
shaming,"No gracias, no estoy buscando una forma facil",Desconocido
shaming,"No, no quiero mantenerme vivo",MyMedic
shaming,"Si, quiero más tráfico",NeilPatel
shaming,"No, tengo suficiente tráfico",NeilPatel
shaming,"No gracias, no soy fanático del aire libre",Desconocido
shaming,"No gracias, no me gusta la comida deliciosa",Desconocido
shaming,"No, no me importa",RealTEA
shaming,"No gracias, no me gusta ahorrar",Desconocido
shaming,"Si, amo las ofertas",Desconocido
shaming,"No gracias, voy a ser el último en enterarme",Desconocido
shaming,"No quiero ser saludable, cancelar mi suscripción",TreatsPlease
ninguno,No gracias,Desconocido
ninguno,Quiero aprender SEO,aprendoseo
ninguno,Quiero saber más,aprendoseo
ninguno,Quiero más info,aprendoseo
ninguno,Quiero mi código,LaNacion
ninguno,Quiero una consultoría digital,JuanMenorio
ninguno,"Si, me voy a quedar el producto",Amazon
ninguno,"No, lo quiero devolver",Amazon
ninguno,Si por favor,CocaCola
ninguno,Descubrirlo ahora,Desconocido
ninguno,Mostrame 14 recetas simples,Delish
ninguno,"Si, mandenmé alertas de stock",Desconocido
ninguno,"Si, obtener el ebook",eBook
fake_urgency,Descargar ahora,eBook
ninguno,"Si, lo quiero",email
ninguno,"Si, me quiero registrar",Desconocido
ninguno,Cancelar mi suscripción,Desconocido
ninguno,"Si, envienmé el plan de comidas",Desconocido
ninguno,No quiero suscribirme en este momento,Desconocido
ninguno,He leído y acepto la política de privacidad,niacinamide
ninguno,Clase de yoga termina en 10 minutos,IA
ninguno,La inscripción al curso cierra en 3 días,IA
ninguno,Su sesión expira en 5 minutos,IA
ninguno,El partido empieza en 15 minutos,IA
ninguno,La batería del dispositivo se agotará en 2h,IA
ninguno,recibe un regalo extra,IA
ninguno,Tu sesión caducará en 1 minuto,IA
ninguno,El examen comienza en 30 segundos,IA
ninguno,¡Participa ya!,IA
ninguno,gana descuentos exclusivos,IA
fake_scarcity,Últimas unidades disponibles,IA
ninguno,Disponible próximamente,boots
ninguno,Muy pronto,boots
ninguno,Tu pedido expirará en 11:38,Desconocido
ninguno,Recibí una alerta cuando esté disponible,Desconocido
ninguno,Suscribite al aviso de lanzamiento,Desconocido
ninguno,Anotate para recibir una alerta cuando lancemos,Desconocido
ninguno,Tu pedido vence en 11:38,Desconocido
ninguno,Sorteo empieza,Desconocido
ninguno,Lanzamiento de remeras de Halloween,Desconocido
fake_urgency,Disponible únicamente durante una semana,Desconocido
ninguno,Drop de remeras de Halloween,Desconocido
ninguno,"En breve, una revista como nunca viste",Desconocido
ninguno,¡Consigue beneficios exclusivos dentro de la app suscribiendote antes del lanzamiento!,Desconocido
ninguno,Oferta extendida solo 2 días,Desconocido
ninguno,Lanzamiento oficial en 24 horas,Desconocido
ninguno,Unetenos para la oportunidad de ganar una tarjeta de regalo de Amazon o una PlayStation 5,Desconocido
ninguno,Cuenta regresiva de Año Nuevo,Desconocido
ninguno,Tiempo Restante para tu Año Nuevo,Desconocido
ninguno,Tu contador regresivo para Navidad,Desconocido
fake_urgency,Oferta de tiempo limitado: Descarga mi libro gratis.,Desconocido
fake_urgency,Oferta del Día,Desconocido
ninguno,"Token vencé en ",Desconocido
fake_urgency,Ofertas del día,Desconocido
fake_urgency,Fijá el precio más bajo,Desconocido
fake_urgency,El precio sube hasta 469 USD en,Desconocido
fake_urgency,PREORDENA AHORA,Desconocido
fake_urgency,¡Obten 10% de descuento entre tu primera orden! Codigo:FIRST10,Desconocido
fake_urgency,¡Apurate y consigue tus favoritos mientras puedas!,Desconocido
ninguno,Clasificación inicial de 2026,riot
ninguno,"Disponible en ",steam
ninguno,Siguiente stream en,twitch
ninguno,"No, estoy bien",Milenaria
ninguno,Ver denuevo,Instagram
ninguno,"Si, recibí el pedido",Milenaria
ninguno,"No, no recibí mi pedido",Milenaria
ninguno,"Si, deseo devolver mi compra",Milenaria
ninguno,Prefiero recibir novedades más adelante,IA
ninguno,Prefiero pagar en efectivo,IA
ninguno,No estoy interesado en esta oferta,IA
ninguno,"No, gracias, quiero pensarlo un poco más",IA
ninguno,"No, gracias, no necesito ayuda por ahora",IA
ninguno,"No gracias, ya tengo suficiente información",IA
ninguno,No quiero suscribirme en este momento,IA
ninguno,Prefiero no recibir correos promocionales,IA
ninguno,No guardar mi tarjeta para futuras compras,IA
ninguno,No permitir el uso de cookies opcionales,IA
ninguno,Quedarme con funciones básicas,IA
ninguno,No quiero recibir novedades,IA
ninguno,Prefiero continuar sin registrarme,IA
ninguno,"No gracias, me interesa en este momento",IA
ninguno,Quiero mantener mi configuración actual,IA
ninguno,Prefiero hacerlo más tarde,IA
ninguno,No autorizo el uso de cookies opcionales,IA
ninguno,Prefiero no compartir esta información,IA
shaming,No quiero mejorar mi productividad,IA
shaming,Prefiero tirar mi dinero,IA
shaming,Prefiero seguir perdiendo dinero,IA
shaming,Prefiero complicarme la vida,IA
shaming,Prefiero ignorar esta ventaja,IA
shaming,Prefiero gastar más tiempo,IA
shaming,No gracias! No me gustan las ofertas,https://github.com/aruneshmathur/dark-patterns/blob/master/data/final-dark-patterns/dark-patterns.csv
shaming,"No, prefiero pagar el precio completo.",https://github.com/aruneshmathur/dark-patterns/blob/master/data/final-dark-patterns/dark-patterns.csv
shaming,No me gustan los descuentos,https://github.com/aruneshmathur/dark-patterns/blob/master/data/final-dark-patterns/dark-patterns.csv
shaming,"No gracias, prefiero pagar más.",https://github.com/aruneshmathur/dark-patterns/blob/master/data/final-dark-patterns/dark-patterns.csv
shaming,"No gracias, dejaré pasar esta oferta increíble. No necesito texturas tan hermosas",https://github.com/aruneshmathur/dark-patterns/blob/master/data/final-dark-patterns/dark-patterns.csv
shaming,"No, no me siento con suerte",https://github.com/aruneshmathur/dark-patterns/blob/master/data/final-dark-patterns/dark-patterns.csv
shaming,"No gracias, no me gusta ahorrar dinero",https://github.com/aruneshmathur/dark-patterns/blob/master/data/final-dark-patterns/dark-patterns.csv
shaming,"No gracias, prefiero un 0% de descuento",https://github.com/aruneshmathur/dark-patterns/blob/master/data/final-dark-patterns/dark-patterns.csv
shaming,"No gracias, ¡detesto los cupones!",https://github.com/aruneshmathur/dark-patterns/blob/master/data/final-dark-patterns/dark-patterns.csv
shaming,"No gracias, no me gusta recibir cosas gratis.",https://github.com/aruneshmathur/dark-patterns/blob/master/data/final-dark-patterns/dark-patterns.csv
ninguno,Quiero pagar mas tarde,https://github.com/aruneshmathur/dark-patterns/blob/master/data/final-dark-patterns/dark-patterns.csv
shaming,"No gracias, prefiero pagar el precio total por mis zapatos!",https://github.com/aruneshmathur/dark-patterns/blob/master/data/final-dark-patterns/dark-patterns.csv
shaming,No deseo proteger mi artículo,https://github.com/aruneshmathur/dark-patterns/blob/master/data/final-dark-patterns/dark-patterns.csv
shaming,"NO GRACIAS, NO QUIERO AHORRAR DINERO",https://github.com/aruneshmathur/dark-patterns/blob/master/data/final-dark-patterns/dark-patterns.csv
shaming,"No gracias, no me gustan las ofertas exclusivas.",https://github.com/aruneshmathur/dark-patterns/blob/master/data/final-dark-patterns/dark-patterns.csv
shaming,Prefiero no ahorrar,https://github.com/aruneshmathur/dark-patterns/blob/master/data/final-dark-patterns/dark-patterns.csv
shaming,"No gracias, no me gusta la diversión ni los juegos.",https://github.com/aruneshmathur/dark-patterns/blob/master/data/final-dark-patterns/dark-patterns.csv
shaming,"No, prefiero hacerlo de la manera difícil...",https://github.com/aruneshmathur/dark-patterns/blob/master/data/final-dark-patterns/dark-patterns.csv
shaming,"NO GRACIAS, NO ME IMPORTA PERDÉRMELO",https://github.com/aruneshmathur/dark-patterns/blob/master/data/final-dark-patterns/dark-patterns.csv
shaming,"No gracias, prefiero pagar el envío.",https://github.com/aruneshmathur/dark-patterns/blob/master/data/final-dark-patterns/dark-patterns.csv
shaming,"No gracias, definitivamente medí correctamente",https://github.com/aruneshmathur/dark-patterns/blob/master/data/final-dark-patterns/dark-patterns.csv
shaming,No gracias. ¡Amo el caos!,https://github.com/aruneshmathur/dark-patterns/blob/master/data/final-dark-patterns/dark-patterns.csv
shaming,"No gracias, preferiría no ganar.",https://github.com/aruneshmathur/dark-patterns/blob/master/data/final-dark-patterns/dark-patterns.csv
shaming,"No gracias, no quiero ninguna oferta",https://github.com/aruneshmathur/dark-patterns/blob/master/data/final-dark-patterns/dark-patterns.csv
shaming,"No gracias, no quiero software oficial al mejor precio.",https://github.com/aruneshmathur/dark-patterns/blob/master/data/final-dark-patterns/dark-patterns.csv
shaming,"No gracias, no quiero verme lo mejor posible",https://github.com/aruneshmathur/dark-patterns/blob/master/data/final-dark-patterns/dark-patterns.csv
shaming,"NO ME GUSTAN LOS REGALOS GRATIS, NO GRACIAS",https://github.com/aruneshmathur/dark-patterns/blob/master/data/final-dark-patterns/dark-patterns.csv
shaming,"No gracias, ¡odio las cosas geniales!",https://github.com/aruneshmathur/dark-patterns/blob/master/data/final-dark-patterns/dark-patterns.csv
shaming,"No gracias, no me gusta ganar",https://github.com/aruneshmathur/dark-patterns/blob/master/data/final-dark-patterns/dark-patterns.csv
shaming,"No gracias! Preferiría unirme al club de ""Pagar Precio Completo por las Cosas"".",https://github.com/aruneshmathur/dark-patterns/blob/master/data/final-dark-patterns/dark-patterns.csv
shaming,"No gracias, ahorraré dinero otro día",https://github.com/aruneshmathur/dark-patterns/blob/master/data/final-dark-patterns/dark-patterns.csv
shaming,"No gracias, dejaré que esta oferta se escape",https://github.com/aruneshmathur/dark-patterns/blob/master/data/final-dark-patterns/dark-patterns.csv
shaming,"No gracias, seré el último en enterarme.",https://github.com/aruneshmathur/dark-patterns/blob/master/data/final-dark-patterns/dark-patterns.csv
shaming,"No gracias, no quiero ahorrar hasta un 75%",https://github.com/aruneshmathur/dark-patterns/blob/master/data/final-dark-patterns/dark-patterns.csv
social_proof,Collin P. de Grandview Missouri acaba de comprar un TRAJE DE DOS BOTONES COLOR BURDEOS hace 5 segundos,https://github.com/aruneshmathur/dark-patterns/blob/master/data/final-dark-patterns/dark-patterns.csv
social_proof,"Faith en Glendale, Estados Unidos, compró un paquete de muestra de 5 bolsas de ""Elige tus sabores"" hace aproximadamente 1 hora",https://github.com/aruneshmathur/dark-patterns/blob/master/data/final-dark-patterns/dark-patterns.csv
social_proof,Sharmeen Atif de Karachi acaba de comprar monturas de gafas metálicas elegantes para niños,https://github.com/aruneshmathur/dark-patterns/blob/master/data/final-dark-patterns/dark-patterns.csv
social_proof,9 personas están viendo esto.,https://github.com/aruneshmathur/dark-patterns/blob/master/data/final-dark-patterns/dark-patterns.csv
social_proof,5338 personas vieron esto en la última hora,https://github.com/aruneshmathur/dark-patterns/blob/master/data/final-dark-patterns/dark-patterns.csv
social_proof,"Keith en Champaign, Illinois, compró un convertidor de casete de audio mini USB a MP3 hace unos 56 minutos",https://github.com/aruneshmathur/dark-patterns/blob/master/data/final-dark-patterns/dark-patterns.csv
social_proof,"Jamie de Eloy, Estados Unidos, compró un paquete de 4 aditivos para vapeo de aceite de CBD hace unas 7 horas",https://github.com/aruneshmathur/dark-patterns/blob/master/data/final-dark-patterns/dark-patterns.csv
social_proof,"Alguien en Kilwinning, Reino Unido, acaba de comprar una pulsera de cadena de eslabones cubanos",https://github.com/aruneshmathur/dark-patterns/blob/master/data/final-dark-patterns/dark-patterns.csv
social_proof,"Chelsea en Burlington, Wisconsin, compró un mono ""Take Out The Boat"" en color negro hace unos 13 minutos",https://github.com/aruneshmathur/dark-patterns/blob/master/data/final-dark-patterns/dark-patterns.csv
social_proof,"Crystal Li en Flushing, Estados Unidos, realizó una compra",https://github.com/aruneshmathur/dark-patterns/blob/master/data/final-dark-patterns/dark-patterns.csv
social_proof,🔥 2 personas están mirando ahora mismo,https://github.com/aruneshmathur/dark-patterns/blob/master/data/final-dark-patterns/dark-patterns.csv
social_proof,3 personas compraron este artículo la semana pasada.,https://github.com/aruneshmathur/dark-patterns/blob/master/data/final-dark-patterns/dark-patterns.csv
social_proof,31 personas viendo este producto ahora mismo,https://github.com/aruneshmathur/dark-patterns/blob/master/data/final-dark-patterns/dark-patterns.csv
social_proof,"Ken en Oakland, Estados Unidos, compró una sudadera Dreamville hace un mes",https://github.com/aruneshmathur/dark-patterns/blob/master/data/final-dark-patterns/dark-patterns.csv
social_proof,19 personas han visto este artículo,https://github.com/aruneshmathur/dark-patterns/blob/master/data/final-dark-patterns/dark-patterns.csv
social_proof,Rebecca en Buffalo acaba de comprar una muestra de satén cruzado hace una hora,https://github.com/aruneshmathur/dark-patterns/blob/master/data/final-dark-patterns/dark-patterns.csv
social_proof,"Alguien de Menlo Park, California, acaba de comprar un motor de monopatín eléctrico.",https://github.com/aruneshmathur/dark-patterns/blob/master/data/final-dark-patterns/dark-patterns.csv
social_proof,2 personas están viendo este anuncio ahora,https://github.com/aruneshmathur/dark-patterns/blob/master/data/final-dark-patterns/dark-patterns.csv
social_proof,4 vendidos en las últimas 5 horas,https://github.com/aruneshmathur/dark-patterns/blob/master/data/final-dark-patterns/dark-patterns.csv
social_proof,72 viendo este producto,https://github.com/aruneshmathur/dark-patterns/blob/master/data/final-dark-patterns/dark-patterns.csv
social_proof,"Mitchell H. compró una chimenea eléctrica lineal empotrada Dimplex IgniteXL de 100""",https://github.com/aruneshmathur/dark-patterns/blob/master/data/final-dark-patterns/dark-patterns.csv
social_proof,Favorito de: ¡400 personas!,https://github.com/aruneshmathur/dark-patterns/blob/master/data/final-dark-patterns/dark-patterns.csv
social_proof,"Annie en Cheras, Malasia, acaba de comprar: Kit de pintura por números Van-Go",https://github.com/aruneshmathur/dark-patterns/blob/master/data/final-dark-patterns/dark-patterns.csv
social_proof,"Kamal en Lathrop, Estados Unidos, compró una camisa de manga larga con estampado de plumas Father Sons hace 4 horas",https://github.com/aruneshmathur/dark-patterns/blob/master/data/final-dark-patterns/dark-patterns.csv
social_proof,"Otra usuaria en Alexandria, Estados Unidos, acaba de pedir Flat Tummy Tea",https://github.com/aruneshmathur/dark-patterns/blob/master/data/final-dark-patterns/dark-patterns.csv
social_proof,Alguien compró una camiseta roja y blanca de Forward Revive para mujer hace 32 minutos,https://github.com/aruneshmathur/dark-patterns/blob/master/data/final-dark-patterns/dark-patterns.csv
social_proof,30 visitantes en tiempo real ahora mismo,https://github.com/aruneshmathur/dark-patterns/blob/master/data/final-dark-patterns/dark-patterns.csv
social_proof,9 vendidos en las últimas 4 horas,https://github.com/aruneshmathur/dark-patterns/blob/master/data/final-dark-patterns/dark-patterns.csv
social_proof,"Alguien de Ciudad del Cabo, Sudáfrica, comenzó a comprar una bolsa de viaje plegable hace 5 minutos",https://github.com/aruneshmathur/dark-patterns/blob/master/data/final-dark-patterns/dark-patterns.csv
social_proof,61 personas ya han comprado este producto hoy con un 50% de descuento,https://github.com/aruneshmathur/dark-patterns/blob/master/data/final-dark-patterns/dark-patterns.csv
social_proof,"Sayeeganesh en Chennai, India, acaba de comprar la camiseta Dhoni the Finisher hace una hora",https://github.com/aruneshmathur/dark-patterns/blob/master/data/final-dark-patterns/dark-patterns.csv
social_proof,"1,446 personas han visto este artículo",https://github.com/aruneshmathur/dark-patterns/blob/master/data/final-dark-patterns/dark-patterns.csv
social_proof,218 personas han añadido este artículo al carrito,https://github.com/aruneshmathur/dark-patterns/blob/master/data/final-dark-patterns/dark-patterns.csv
social_proof,11 personas han comprado este artículo,https://github.com/aruneshmathur/dark-patterns/blob/master/data/final-dark-patterns/dark-patterns.csv
social_proof,Alguien de Noruega compró un rallador Super FG - 12 veces más rápido,https://github.com/aruneshmathur/dark-patterns/blob/master/data/final-dark-patterns/dark-patterns.csv
social_proof,38 personas están viendo esto,https://github.com/aruneshmathur/dark-patterns/blob/master/data/final-dark-patterns/dark-patterns.csv
social_proof,"¡Alguien de Rochedale, Queensland, Australia, comenzó a comprar esto!",https://github.com/aruneshmathur/dark-patterns/blob/master/data/final-dark-patterns/dark-patterns.csv
social_proof,39 lo compraron recientemente,https://github.com/aruneshmathur/dark-patterns/blob/master/data/final-dark-patterns/dark-patterns.csv
social_proof,85 lo tienen en su carrito,https://github.com/aruneshmathur/dark-patterns/blob/master/data/final-dark-patterns/dark-patterns.csv
social_proof,"Leah Rich en Louisville, Estados Unidos, realizó una compra",https://github.com/aruneshmathur/dark-patterns/blob/master/data/final-dark-patterns/dark-patterns.csv
social_proof,"Alguien en Madrid, España, acaba de comprar",https://github.com/aruneshmathur/dark-patterns/blob/master/data/final-dark-patterns/dark-patterns.csv
social_proof,33 vendidos en las últimas 12 horas.,https://github.com/aruneshmathur/dark-patterns/blob/master/data/final-dark-patterns/dark-patterns.csv
social_proof,78 personas buscando este producto,https://github.com/aruneshmathur/dark-patterns/blob/master/data/final-dark-patterns/dark-patterns.csv
social_proof,"Jim en Houston, EE. UU., compró el parche de CBD Pure Ratios",https://github.com/aruneshmathur/dark-patterns/blob/master/data/final-dark-patterns/dark-patterns.csv
social_proof,"Alguien en Ampang, Malasia, acaba de comprar",https://github.com/aruneshmathur/dark-patterns/blob/master/data/final-dark-patterns/dark-patterns.csv
social_proof,64 usuarios compraron este producto: Espejo de maquillaje Touch XL,https://github.com/aruneshmathur/dark-patterns/blob/master/data/final-dark-patterns/dark-patterns.csv
social_proof,Sudha Rana de Jaipur compró este producto hace 23 minutos.,https://github.com/aruneshmathur/dark-patterns/blob/master/data/final-dark-patterns/dark-patterns.csv
social_proof,404 Pedidos,https://github.com/aruneshmathur/dark-patterns/blob/master/data/final-dark-patterns/dark-patterns.csv
social_proof,¡Estilo de tendencia! Vendido 4 veces hoy,https://github.com/aruneshmathur/dark-patterns/blob/master/data/final-dark-patterns/dark-patterns.csv
social_proof,"Alyssa en San Antonio, Estados Unidos, compró una tarjeta de regalo de iTunes de 10000 JPY hace 35 minutos",https://github.com/aruneshmathur/dark-patterns/blob/master/data/final-dark-patterns/dark-patterns.csv
social_proof,"Alguien en París, Francia, acaba de comprar un juego de cuchillos Kanpeki",https://github.com/aruneshmathur/dark-patterns/blob/master/data/final-dark-patterns/dark-patterns.csv
social_proof,"3,081 personas han visto este artículo",https://github.com/aruneshmathur/dark-patterns/blob/master/data/final-dark-patterns/dark-patterns.csv
social_proof,166 personas han añadido este artículo al carrito,https://github.com/aruneshmathur/dark-patterns/blob/master/data/final-dark-patterns/dark-patterns.csv
social_proof,111 personas han comprado este artículo,https://github.com/aruneshmathur/dark-patterns/blob/master/data/final-dark-patterns/dark-patterns.csv
social_proof,7 personas lo tienen en su carrito,https://github.com/aruneshmathur/dark-patterns/blob/master/data/final-dark-patterns/dark-patterns.csv
social_proof,1 persona está viendo esto,https://github.com/aruneshmathur/dark-patterns/blob/master/data/final-dark-patterns/dark-patterns.csv
social_proof,273 unidades vendidas en los últimos 30 días,https://github.com/aruneshmathur/dark-patterns/blob/master/data/final-dark-patterns/dark-patterns.csv
social_proof,¡33 personas le echaron el ojo a este artículo!,https://github.com/aruneshmathur/dark-patterns/blob/master/data/final-dark-patterns/dark-patterns.csv
social_proof,"Monira en Doha, Qatar, compró una caja de terciopelo LilyVanity™",https://github.com/aruneshmathur/dark-patterns/blob/master/data/final-dark-patterns/dark-patterns.csv
social_proof,Theresa de Botkins acaba de comprar un vestido formal de encaje Panoply 14918,https://github.com/aruneshmathur/dark-patterns/blob/master/data/final-dark-patterns/dark-patterns.csv
social_proof,117 personas han visto este artículo en los últimos 7 días.,https://github.com/aruneshmathur/dark-patterns/blob/master/data/final-dark-patterns/dark-patterns.csv
social_proof,"Sabrina en Paraparaumu, Nueva Zelanda, compró chocolate energético SCHO-KA-KOLA",https://github.com/aruneshmathur/dark-patterns/blob/master/data/final-dark-patterns/dark-patterns.csv
social_proof,3642 COMPRADOS,https://github.com/aruneshmathur/dark-patterns/blob/master/data/final-dark-patterns/dark-patterns.csv
social_proof,2049 vendidos en los últimos 7 días,https://github.com/aruneshmathur/dark-patterns/blob/master/data/final-dark-patterns/dark-patterns.csv
social_proof,Alguien acaba de añadir el difusor nebulizador Radiance a su carrito,https://github.com/aruneshmathur/dark-patterns/blob/master/data/final-dark-patterns/dark-patterns.csv
social_proof,1626 personas viendo este producto ahora mismo,https://github.com/aruneshmathur/dark-patterns/blob/master/data/final-dark-patterns/dark-patterns.csv
social_proof,"Rose en Portland, Estados Unidos, compró una funda para iPhone XR ecológica hace unos 54 minutos",https://github.com/aruneshmathur/dark-patterns/blob/master/data/final-dark-patterns/dark-patterns.csv
social_proof,En los carritos de otros usuarios: 59,https://github.com/aruneshmathur/dark-patterns/blob/master/data/final-dark-patterns/dark-patterns.csv
social_proof,5 viendo este producto,https://github.com/aruneshmathur/dark-patterns/blob/master/data/final-dark-patterns/dark-patterns.csv
social_proof,Matthew en Charleston acaba de comprar el colchón Puffy Lux,https://github.com/aruneshmathur/dark-patterns/blob/master/data/final-dark-patterns/dark-patterns.csv
social_proof,Hayden cerca de Princeton acaba de comprar GOMITAS VEGANAS DE CBD,https://github.com/aruneshmathur/dark-patterns/blob/master/data/final-dark-patterns/dark-patterns.csv
social_proof,"Jessica en Metairie, Estados Unidos, compró un vestido largo estilo playa",https://github.com/aruneshmathur/dark-patterns/blob/master/data/final-dark-patterns/dark-patterns.csv
social_proof,"Jessica en Orange, Estados Unidos, compró un vestido largo estilo flapper de lentejuelas de 1920 hace 12 minutos",https://github.com/aruneshmathur/dark-patterns/blob/master/data/final-dark-patterns/dark-patterns.csv
social_proof,"2,221 personas han comprado este artículo",https://github.com/aruneshmathur/dark-patterns/blob/master/data/final-dark-patterns/dark-patterns.csv
social_proof,"19,302 personas han añadido este artículo al carrito",https://github.com/aruneshmathur/dark-patterns/blob/master/data/final-dark-patterns/dark-patterns.csv
social_proof,"25,439 personas han visto este artículo",https://github.com/aruneshmathur/dark-patterns/blob/master/data/final-dark-patterns/dark-patterns.csv
social_proof,¡Artículo popular! 🔥 27 personas compraron esto recientemente.,https://github.com/aruneshmathur/dark-patterns/blob/master/data/final-dark-patterns/dark-patterns.csv
social_proof|fake_scarcity,Más de 752 usuarios están añadiendo fajas a su carrito. ¿Aún queda tu talla?,https://github.com/aruneshmathur/dark-patterns/blob/master/data/final-dark-patterns/dark-patterns.csv
social_proof,17 personas han añadido este artículo al carrito,https://github.com/aruneshmathur/dark-patterns/blob/master/data/final-dark-patterns/dark-patterns.csv
social_proof,4 personas han comprado este artículo,https://github.com/aruneshmathur/dark-patterns/blob/master/data/final-dark-patterns/dark-patterns.csv
social_proof,161 personas han visto este artículo,https://github.com/aruneshmathur/dark-patterns/blob/master/data/final-dark-patterns/dark-patterns.csv
social_proof,Alguien en Egipto compró,https://github.com/aruneshmathur/dark-patterns/blob/master/data/final-dark-patterns/dark-patterns.csv
social_proof,"JOHN en Toowoomba City, Australia, compró un tanque de resina hace 7 horas",https://github.com/aruneshmathur/dark-patterns/blob/master/data/final-dark-patterns/dark-patterns.csv
social_proof,"1,142 personas lo han añadido al carrito recientemente",https://github.com/aruneshmathur/dark-patterns/blob/master/data/final-dark-patterns/dark-patterns.csv
social_proof,"6,743 personas lo han visto recientemente",https://github.com/aruneshmathur/dark-patterns/blob/master/data/final-dark-patterns/dark-patterns.csv
social_proof,"Sierra en Cypress, California, compró un vestido Beauty In All hace unos 46 minutos",https://github.com/aruneshmathur/dark-patterns/blob/master/data/final-dark-patterns/dark-patterns.csv
social_proof,"Tristan en Markham, Canadá, compró una camiseta de béisbol Dragon",https://github.com/aruneshmathur/dark-patterns/blob/master/data/final-dark-patterns/dark-patterns.csv
social_proof,¡Artículo Popular! 🔥 16 personas lo están viendo y 18 lo compraron recientemente.,https://github.com/aruneshmathur/dark-patterns/blob/master/data/final-dark-patterns/dark-patterns.csv
social_proof,¡105 dueños de mascotas están comprando para sus amigos peludos ahora mismo!,https://github.com/aruneshmathur/dark-patterns/blob/master/data/final-dark-patterns/dark-patterns.csv
social_proof,339 usuarios están actualmente activos en nuestro sitio web,https://github.com/aruneshmathur/dark-patterns/blob/master/data/final-dark-patterns/dark-patterns.csv
social_proof,Debby en Harpers Ferry acaba de comprar: Herramienta de decoración con lápiz de glaseado,https://github.com/aruneshmathur/dark-patterns/blob/master/data/final-dark-patterns/dark-patterns.csv
social_proof,"Alguien en Tornado, Estados Unidos, acaba de comprar Fresh Melon Menthol hace 2 horas",https://github.com/aruneshmathur/dark-patterns/blob/master/data/final-dark-patterns/dark-patterns.csv
social_proof,Alguien de Huntingtown compró el kit de pulido TopCoat® F11® ahora mismo,https://github.com/aruneshmathur/dark-patterns/blob/master/data/final-dark-patterns/dark-patterns.csv
social_proof,Ken en Three Bridges compró All Zebrawood + Olive Ash,https://github.com/aruneshmathur/dark-patterns/blob/master/data/final-dark-patterns/dark-patterns.csv
social_proof,"Alguien en Alexandria, Estados Unidos, acaba de comprar lentes de contacto de color TTDeye",https://github.com/aruneshmathur/dark-patterns/blob/master/data/final-dark-patterns/dark-patterns.csv
social_proof,1 persona está mirando este artículo.,https://github.com/aruneshmathur/dark-patterns/blob/master/data/final-dark-patterns/dark-patterns.csv
social_proof|fake_scarcity,¡Consíguelo rápido! 14 añadidos a la bolsa hoy,https://github.com/aruneshmathur/dark-patterns/blob/master/data/final-dark-patterns/dark-patterns.csv
social_proof,30 personas han comprado este artículo,https://github.com/aruneshmathur/dark-patterns/blob/master/data/final-dark-patterns/dark-patterns.csv
social_proof,Comprado 6 veces esta semana.,https://github.com/aruneshmathur/dark-patterns/blob/master/data/final-dark-patterns/dark-patterns.csv
social_proof,17 personas han visto este vino hoy,https://github.com/aruneshmathur/dark-patterns/blob/master/data/final-dark-patterns/dark-patterns.csv
social_proof,24 personas han comprado este vino hoy,https://github.com/aruneshmathur/dark-patterns/blob/master/data/final-dark-patterns/dark-patterns.csv
social_proof,Jonathan en Syracuse acaba de comprar una batería para monopatín eléctrico hace 4 horas,https://github.com/aruneshmathur/dark-patterns/blob/master/data/final-dark-patterns/dark-patterns.csv
social_proof,8 clientes han comprado hoy,https://github.com/aruneshmathur/dark-patterns/blob/master/data/final-dark-patterns/dark-patterns.csv
social_proof,80 clientes están considerando este producto ahora mismo.,https://github.com/aruneshmathur/dark-patterns/blob/master/data/final-dark-patterns/dark-patterns.csv
social_proof,24 vendidos en las últimas 24 horas.,https://github.com/aruneshmathur/dark-patterns/blob/master/data/final-dark-patterns/dark-patterns.csv
social_proof,21 personas miraron esto durante las últimas 24 horas,https://github.com/aruneshmathur/dark-patterns/blob/master/data/final-dark-patterns/dark-patterns.csv
social_proof,Alguien en Faizabad acaba de comprar: Manga para pene Pretty Love hace una hora,https://github.com/aruneshmathur/dark-patterns/blob/master/data/final-dark-patterns/dark-patterns.csv
social_proof|fake_scarcity,¡Comprado por 39 personas en las últimas horas! ¡SÚPER VENTAS!,https://github.com/aruneshmathur/dark-patterns/blob/master/data/final-dark-patterns/dark-patterns.csv
social_proof,23 personas viendo este producto,https://github.com/aruneshmathur/dark-patterns/blob/master/data/final-dark-patterns/dark-patterns.csv
social_proof,Alguien en Keilor East compró un cuchillo para desollar Piranta-Edge hace 54 minutos,https://github.com/aruneshmathur/dark-patterns/blob/master/data/final-dark-patterns/dark-patterns.csv
social_proof,Otro cliente tiene este artículo en su carrito de compras,https://github.com/aruneshmathur/dark-patterns/blob/master/data/final-dark-patterns/dark-patterns.csv
social_proof,8 personas están viendo esta obra de arte,https://github.com/aruneshmathur/dark-patterns/blob/master/data/final-dark-patterns/dark-patterns.csv
social_proof,¡104 personas vieron este producto recientemente!,https://github.com/aruneshmathur/dark-patterns/blob/master/data/final-dark-patterns/dark-patterns.csv
social_proof,5 personas están viendo este producto ahora mismo,https://github.com/aruneshmathur/dark-patterns/blob/master/data/final-dark-patterns/dark-patterns.csv
social_proof,19 personas vieron este producto hoy,https://github.com/aruneshmathur/dark-patterns/blob/master/data/final-dark-patterns/dark-patterns.csv
social_proof,Otras 6 personas están viendo este artículo,https://github.com/aruneshmathur/dark-patterns/blob/master/data/final-dark-patterns/dark-patterns.csv
social_proof,65% de nuestros clientes añadieron protección Surefit este año.,https://github.com/aruneshmathur/dark-patterns/blob/master/data/final-dark-patterns/dark-patterns.csv
social_proof,3 PERSONAS VIENDO,https://github.com/aruneshmathur/dark-patterns/blob/master/data/final-dark-patterns/dark-patterns.csv
social_proof,24 personas actualmente interesadas,https://github.com/aruneshmathur/dark-patterns/blob/master/data/final-dark-patterns/dark-patterns.csv
social_proof,3 personas están viendo este artículo ahora mismo,https://github.com/aruneshmathur/dark-patterns/blob/master/data/final-dark-patterns/dark-patterns.csv
social_proof|fake_scarcity,NO DEJES QUE SE ESCAPEN Varias personas han visto este artículo recientemente.,https://github.com/aruneshmathur/dark-patterns/blob/master/data/final-dark-patterns/dark-patterns.csv
social_proof,7 usuarios han mirado este producto en los últimos 6 minutos,https://github.com/aruneshmathur/dark-patterns/blob/master/data/final-dark-patterns/dark-patterns.csv
social_proof,"Alguien en Clinton, EE. UU. compró un jersey de media cremallera hace 1 minuto",https://github.com/aruneshmathur/dark-patterns/blob/master/data/final-dark-patterns/dark-patterns.csv
social_proof,12 personas lo compraron recientemente.,https://github.com/aruneshmathur/dark-patterns/blob/master/data/final-dark-patterns/dark-patterns.csv
social_proof,2 personas están viendo esto,https://github.com/aruneshmathur/dark-patterns/blob/master/data/final-dark-patterns/dark-patterns.csv
social_proof,Alguien de Airdrie y otros compraron este artículo recientemente.,https://github.com/aruneshmathur/dark-patterns/blob/master/data/final-dark-patterns/dark-patterns.csv
social_proof,ESTE PRODUCTO HA SIDO VISTO 480 VECES EN LAS ÚLTIMAS 48 HORAS,https://github.com/aruneshmathur/dark-patterns/blob/master/data/final-dark-patterns/dark-patterns.csv
social_proof,89 viendo actualmente,https://github.com/aruneshmathur/dark-patterns/blob/master/data/final-dark-patterns/dark-patterns.csv
social_proof|fake_scarcity,PRODUCTO POPULAR Más de 250 personas están viendo este artículo.,https://github.com/aruneshmathur/dark-patterns/blob/master/data/final-dark-patterns/dark-patterns.csv
social_proof|fake_scarcity,Otros lo quieren. 10 personas tienen esto en su carrito ahora mismo.,https://github.com/aruneshmathur/dark-patterns/blob/master/data/final-dark-patterns/dark-patterns.csv
social_proof,88 PERSONAS VIERON EL ARTÍCULO EN LAS ÚLTIMAS 24 HORAS,https://github.com/aruneshmathur/dark-patterns/blob/master/data/final-dark-patterns/dark-patterns.csv
social_proof,143 COMPRADOS,https://github.com/aruneshmathur/dark-patterns/blob/master/data/final-dark-patterns/dark-patterns.csv
social_proof,5338 personas compraron esto,https://github.com/aruneshmathur/dark-patterns/blob/master/data/final-dark-patterns/dark-patterns.csv
social_proof,69 personas están viendo esto,https://github.com/aruneshmathur/dark-patterns/blob/master/data/final-dark-patterns/dark-patterns.csv
social_proof,Alguien en New Lynn compró unos auriculares Kogan A1 hace 1 hora.,https://github.com/aruneshmathur/dark-patterns/blob/master/data/final-dark-patterns/dark-patterns.csv
social_proof,146 personas compraron esto recientemente.,https://github.com/aruneshmathur/dark-patterns/blob/master/data/final-dark-patterns/dark-patterns.csv
social_proof,9 personas están viendo actualmente este producto,https://github.com/aruneshmathur/dark-patterns/blob/master/data/final-dark-patterns/dark-patterns.csv
social_proof,Michael M. de Lacey compró un Cal King ahora mismo,https://github.com/aruneshmathur/dark-patterns/blob/master/data/final-dark-patterns/dark-patterns.csv
social_proof,308 visitas por día,https://github.com/aruneshmathur/dark-patterns/blob/master/data/final-dark-patterns/dark-patterns.csv
social_proof,7 vendidos en las últimas 24 horas,https://github.com/aruneshmathur/dark-patterns/blob/master/data/final-dark-patterns/dark-patterns.csv
social_proof,2 visitas por hora,https://github.com/aruneshmathur/dark-patterns/blob/master/data/final-dark-patterns/dark-patterns.csv
social_proof,57 PERSONAS HAN MIRADO ESTO HOY,https://github.com/aruneshmathur/dark-patterns/blob/master/data/final-dark-patterns/dark-patterns.csv
social_proof,Esto está en otros 5 carritos.,https://github.com/aruneshmathur/dark-patterns/blob/master/data/final-dark-patterns/dark-patterns.csv
social_proof,Comprado 8 veces en los últimos días.,https://github.com/aruneshmathur/dark-patterns/blob/master/data/final-dark-patterns/dark-patterns.csv
social_proof,6 personas han mirado esto en las últimas horas.,https://github.com/aruneshmathur/dark-patterns/blob/master/data/final-dark-patterns/dark-patterns.csv
social_proof,93 PERSONAS HAN COMPRADO ESTE PRODUCTO HOY,https://github.com/aruneshmathur/dark-patterns/blob/master/data/final-dark-patterns/dark-patterns.csv
social_proof,7 vendidos en las últimas 48 horas,https://github.com/aruneshmathur/dark-patterns/blob/master/data/final-dark-patterns/dark-patterns.csv
social_proof,210+ comprados,https://github.com/aruneshmathur/dark-patterns/blob/master/data/final-dark-patterns/dark-patterns.csv
social_proof,99 personas están viendo esto ahora mismo,https://github.com/aruneshmathur/dark-patterns/blob/master/data/final-dark-patterns/dark-patterns.csv
social_proof,11 personas vieron esto hoy!,https://github.com/aruneshmathur/dark-patterns/blob/master/data/final-dark-patterns/dark-patterns.csv
social_proof,Visto 1040 veces en los últimos 7 días,https://github.com/aruneshmathur/dark-patterns/blob/master/data/final-dark-patterns/dark-patterns.csv
social_proof|fake_scarcity,¡Date prisa! Otras 6 personas tienen este producto en su carrito,https://github.com/aruneshmathur/dark-patterns/blob/master/data/final-dark-patterns/dark-patterns.csv
social_proof|fake_scarcity,¡Date prisa! Otras 22 personas tienen este producto en su carrito,https://github.com/aruneshmathur/dark-patterns/blob/master/data/final-dark-patterns/dark-patterns.csv
social_proof,8 personas han visto este producto hoy!,https://github.com/aruneshmathur/dark-patterns/blob/master/data/final-dark-patterns/dark-patterns.csv
social_proof|fake_urgency,¡No te lo pierdas! Hemos vendido 38 en los últimos días.,https://github.com/aruneshmathur/dark-patterns/blob/master/data/final-dark-patterns/dark-patterns.csv
social_proof,52 personas están viendo esto ahora mismo.,https://github.com/aruneshmathur/dark-patterns/blob/master/data/final-dark-patterns/dark-patterns.csv
social_proof,#6 Más vendido en Alfombras. Este artículo fue visto 92 veces ayer.,https://github.com/aruneshmathur/dark-patterns/blob/master/data/final-dark-patterns/dark-patterns.csv
social_proof,Más de 38 comprados,https://github.com/aruneshmathur/dark-patterns/blob/master/data/final-dark-patterns/dark-patterns.csv
social_proof|fake_scarcity,¡MUY POPULAR! 21 comprados en los últimos 7 días.,https://github.com/aruneshmathur/dark-patterns/blob/master/data/final-dark-patterns/dark-patterns.csv
social_proof,156 vendidos en las últimas 24 horas,https://github.com/aruneshmathur/dark-patterns/blob/master/data/final-dark-patterns/dark-patterns.csv
social_proof,VISTO RECIENTEMENTE Otros 2 vieron esto en las últimas horas,https://github.com/aruneshmathur/dark-patterns/blob/master/data/final-dark-patterns/dark-patterns.csv
social_proof,40 usuarios están activos en nuestro sitio web justo ahora.,https://github.com/aruneshmathur/dark-patterns/blob/master/data/final-dark-patterns/dark-patterns.csv
social_proof,45 AÑADIDOS A LA BOLSA EN LAS ÚLTIMAS 24 HORAS,https://github.com/aruneshmathur/dark-patterns/blob/master/data/final-dark-patterns/dark-patterns.csv
social_proof,7 personas miraron este producto en las últimas 24 horas.,https://github.com/aruneshmathur/dark-patterns/blob/master/data/final-dark-patterns/dark-patterns.csv
social_proof,251 personas están viendo esto ahora mismo,https://github.com/aruneshmathur/dark-patterns/blob/master/data/final-dark-patterns/dark-patterns.csv
social_proof,127 personas vieron este producto esta semana,https://github.com/aruneshmathur/dark-patterns/blob/master/data/final-dark-patterns/dark-patterns.csv
social_proof|fake_scarcity,¡Tendencia ahora! Añadido a la cesta 490 veces hoy,https://github.com/aruneshmathur/dark-patterns/blob/master/data/final-dark-patterns/dark-patterns.csv
social_proof,EN LA BOLSA DE COMPRAS DE 43 PERSONAS,https://github.com/aruneshmathur/dark-patterns/blob/master/data/final-dark-patterns/dark-patterns.csv
social_proof,EL MÁS POPULAR,https://github.com/aruneshmathur/dark-patterns/blob/master/data/final-dark-patterns/dark-patterns.csv
social_proof,660 personas lo han visto hoy,https://github.com/aruneshmathur/dark-patterns/blob/master/data/final-dark-patterns/dark-patterns.csv
social_proof,113 personas lo han visto en las últimas 24 horas,https://github.com/aruneshmathur/dark-patterns/blob/master/data/final-dark-patterns/dark-patterns.csv
social_proof,407 clientes han visto este artículo recientemente,https://github.com/aruneshmathur/dark-patterns/blob/master/data/final-dark-patterns/dark-patterns.csv
social_proof|fake_scarcity,Moviéndose rápido: ¡35 PERSONAS añadieron esto al carrito hoy!,https://github.com/aruneshmathur/dark-patterns/blob/master/data/final-dark-patterns/dark-patterns.csv
social_proof,22 personas han mirado esta pieza recientemente,https://github.com/aruneshmathur/dark-patterns/blob/master/data/final-dark-patterns/dark-patterns.csv
social_proof,8 personas tienen esto en su bolsa ahora mismo.,https://github.com/aruneshmathur/dark-patterns/blob/master/data/final-dark-patterns/dark-patterns.csv
social_proof,Comprado más de 100 veces en los últimos días.,https://github.com/aruneshmathur/dark-patterns/blob/master/data/final-dark-patterns/dark-patterns.csv
social_proof,92 clientes compraron esto en las últimas 48 horas,https://github.com/aruneshmathur/dark-patterns/blob/master/data/final-dark-patterns/dark-patterns.csv
social_proof,62 personas han visto este artículo en las últimas horas.,https://github.com/aruneshmathur/dark-patterns/blob/master/data/final-dark-patterns/dark-patterns.csv
social_proof,13 personas lo han añadido a su carrito,https://github.com/aruneshmathur/dark-patterns/blob/master/data/final-dark-patterns/dark-patterns.csv
social_proof,135 personas tienen esto en su carrito,https://github.com/aruneshmathur/dark-patterns/blob/master/data/final-dark-patterns/dark-patterns.csv
social_proof,Añadir a la lista de deseos (13 personas lo han añadido),https://github.com/aruneshmathur/dark-patterns/blob/master/data/final-dark-patterns/dark-patterns.csv
social_proof,77 PERSONAS LES GUSTA ESTO,https://github.com/aruneshmathur/dark-patterns/blob/master/data/final-dark-patterns/dark-patterns.csv
social_proof,43 añadidos a la bolsa en las últimas 48 horas,https://github.com/aruneshmathur/dark-patterns/blob/master/data/final-dark-patterns/dark-patterns.csv
social_proof,Más de 200 visitas en 24 horas,https://github.com/aruneshmathur/dark-patterns/blob/master/data/final-dark-patterns/dark-patterns.csv
social_proof,227 ya comprados,https://github.com/aruneshmathur/dark-patterns/blob/master/data/final-dark-patterns/dark-patterns.csv
social_proof,POPULAR otros 62 revisaron esto en las últimas horas.,https://github.com/aruneshmathur/dark-patterns/blob/master/data/final-dark-patterns/dark-patterns.csv
social_proof,Visto 744 veces hoy,https://github.com/aruneshmathur/dark-patterns/blob/master/data/final-dark-patterns/dark-patterns.csv
social_proof,12 clientes vieron este producto hoy!,https://github.com/aruneshmathur/dark-patterns/blob/master/data/final-dark-patterns/dark-patterns.csv
social_proof,6 clientes tienen esto en su cesta,https://github.com/aruneshmathur/dark-patterns/blob/master/data/final-dark-patterns/dark-patterns.csv
social_proof|fake_scarcity,¡Se vende rápido! Añadido a la bolsa 7 veces en las últimas 48 horas.,https://github.com/aruneshmathur/dark-patterns/blob/master/data/final-dark-patterns/dark-patterns.csv
social_proof,228 personas han visto este producto recientemente!,https://github.com/aruneshmathur/dark-patterns/blob/master/data/final-dark-patterns/dark-patterns.csv
social_proof,Otras 3 personas están viendo este artículo actualmente.,aruneshmathur_dark_patterns
social_proof,Otros 2 clientes lo tienen en su carrito.,aruneshmathur_dark_patterns
social_proof,1044 vendidos en los últimos 12 meses,aruneshmathur_dark_patterns
social_proof,2 clientes lo compraron recientemente,aruneshmathur_dark_patterns
social_proof,2 PERSONAS HAN AÑADIDO ESTE ARTÍCULO A SU CARRITO HOY,aruneshmathur_dark_patterns
social_proof,2+ personas acaban de ver este producto,aruneshmathur_dark_patterns
social_proof,Más de 238 personas han comprado este producto,aruneshmathur_dark_patterns
social_proof,994 artículos vendidos esta hora.,aruneshmathur_dark_patterns
social_proof,52 personas han añadido este producto a la bolsa en las últimas 72 horas,aruneshmathur_dark_patterns
social_proof,4 comprados en las últimas 24 horas.,aruneshmathur_dark_patterns
social_proof,137 usuarios están actualmente activos en nuestro sitio web,aruneshmathur_dark_patterns
social_proof,4 personas están viendo esto ahora mismo.,aruneshmathur_dark_patterns
social_proof,41 personas han mirado esto en las últimas horas,aruneshmathur_dark_patterns
social_proof,¡Otros 6 ya han comprado esta oferta hoy!,aruneshmathur_dark_patterns
social_proof,¡232 personas están viendo esta oferta!,aruneshmathur_dark_patterns
social_proof,436 usuarios están activos ahora mismo,aruneshmathur_dark_patterns
social_proof,39 personas tienen esto en su carrito,aruneshmathur_dark_patterns
fake_scarcity,¡Se vende rápido!,aruneshmathur_dark_patterns
fake_scarcity,¡Se agotará pronto!,aruneshmathur_dark_patterns
fake_scarcity,¡Fuerte demanda! ¡Completa tu pedido antes de que sea demasiado tarde!,aruneshmathur_dark_patterns
fake_scarcity,"Un artículo que pediste tiene mucha demanda. No te preocupes, hemos reservado tu pedido.",aruneshmathur_dark_patterns
fake_scarcity,Los artículos en tu carrito tienen una demanda MUY alta.,aruneshmathur_dark_patterns
fake_scarcity,Los artículos en tu carrito tienen mucha demanda.,aruneshmathur_dark_patterns
fake_scarcity,Demanda extremadamente alta: espera de 2 a 4 semanas para que llegue (por las dudas). Límite de 4 por persona!,aruneshmathur_dark_patterns
fake_scarcity,Alta demanda,aruneshmathur_dark_patterns
fake_scarcity,ALTA DEMANDA,aruneshmathur_dark_patterns
fake_scarcity,"Un artículo que pediste tiene mucha demanda. No te preocupes, hemos priorizado tu pedido.",aruneshmathur_dark_patterns
fake_scarcity,Este artículo tiene mucha demanda.,aruneshmathur_dark_patterns
fake_scarcity,"Lo sentimos, esto está agotado. Te lo acabas de perder.",aruneshmathur_dark_patterns
fake_scarcity,Los artículos en tu carrito se están vendiendo rápido,aruneshmathur_dark_patterns
fake_scarcity,Los artículos en tu carrito tienen mucha demanda. Pero hemos reservado tu pedido.,aruneshmathur_dark_patterns
fake_scarcity,UNA VEZ QUE SE AGOTE SE ACABÓ,aruneshmathur_dark_patterns
fake_urgency|fake_scarcity,¡SE VENDE RÁPIDO! OBTÉN UN 10% DE DESCUENTO EN ESTE ARTÍCULO. ACTÍVALO AHORA.,aruneshmathur_dark_patterns
fake_scarcity,"Nuestros artículos se venden rápido, ¡no te lo pierdas!",aruneshmathur_dark_patterns
fake_scarcity,UN ARTÍCULO EN TU CARRITO SE ESTÁ AGOTANDO RÁPIDAMENTE,aruneshmathur_dark_patterns
fake_scarcity,¡EN ALTA DEMANDA!,aruneshmathur_dark_patterns
fake_scarcity,En demanda,aruneshmathur_dark_patterns
fake_scarcity,Vendiéndose rápido,aruneshmathur_dark_patterns
fake_urgency|fake_scarcity,"¡Date prisa, este estilo se vende rápido!",aruneshmathur_dark_patterns
fake_urgency,11 11 horas: 00 22 minutos: 3223 3223 segundos La oferta termina cuando el contador llega a cero,aruneshmathur_dark_patterns
fake_urgency,Tu pedido está reservado por 09:45 minutos,aruneshmathur_dark_patterns
fake_urgency,Tu pedido está reservado por 08:48 minutos,aruneshmathur_dark_patterns
fake_urgency,¡APURATE! ¡OFERTA EXCLUSIVA PARA VOS! 1 4 : 4 5,aruneshmathur_dark_patterns
fake_urgency,00DÍAS02HS14MIN1211SEG,aruneshmathur_dark_patterns
fake_urgency|fake_scarcity,Debido a la ALTA demanda el carrito expira en: 08:41,aruneshmathur_dark_patterns
fake_urgency,¡Apurate! Los precios aumentan en 0 DÍAS 11 HS 59 MIN 55 SEG,aruneshmathur_dark_patterns
fake_urgency,El carrito expirará en 04:53 minutos,aruneshmathur_dark_patterns
fake_urgency,Tu pedido está reservado por 09:35 minutos,aruneshmathur_dark_patterns
fake_urgency,00DÍAS00HORAS14MINUTOS21SEGUNDOS,aruneshmathur_dark_patterns
fake_urgency,Tu pedido está reservado por 09:14 minutos,aruneshmathur_dark_patterns
fake_urgency,0 DÍAS22 HORAS13 MINUTOS21 SEGUNDOS,aruneshmathur_dark_patterns
fake_urgency,La oferta de hoy termina en: 00 horas:57 min:19 seg,aruneshmathur_dark_patterns
fake_urgency,¡Apurate! La oferta termina en,aruneshmathur_dark_patterns
fake_urgency,Tu carrito está reservado por 09:35 minutos,aruneshmathur_dark_patterns
fake_urgency,0 Días 2 Horas 57 Minutos 53 Segundos,aruneshmathur_dark_patterns
fake_urgency,Tu pedido está reservado por 09:54 minutos,aruneshmathur_dark_patterns
fake_urgency,Tu pedido está reservado por 09:57 minutos,aruneshmathur_dark_patterns
fake_urgency,00 Días 02 Hs 26 Min 12 Seg La oferta termina cuando el contador llega a cero,aruneshmathur_dark_patterns
fake_urgency,Activá dentro de 0:30:00,aruneshmathur_dark_patterns
fake_urgency,00DÍAS07HORAS09MINUTOS39SEGUNDOS,aruneshmathur_dark_patterns
fake_urgency,COLLAR GRATIS PARA MAMÁ 01Día 01Hs 35Min 02Seg,aruneshmathur_dark_patterns
fake_urgency,¡Apurate! El descuento termina en DÍAS HS MIN SEG,aruneshmathur_dark_patterns
fake_urgency,EXTRA -30% OFF CON CÓDIGO: EXTRA30 Termina en: 0 días 4 horas 9 min 28 seg,aruneshmathur_dark_patterns
fake_urgency,Tu pedido está reservado por 09:56 minutos,aruneshmathur_dark_patterns
fake_urgency,El carrito expirará en 08:19 minutos,aruneshmathur_dark_patterns
ninguno,AHORRÁ $200 EN PUFFY,aruneshmathur_dark_patterns
fake_urgency,11 11 horas: 00 22 minutos: 3223 3223 segundos,aruneshmathur_dark_patterns
fake_urgency,00DÍAS00HORAS47MINUTOS36SEGUNDOS LA OFERTA TERMINA CUANDO EL CONTADOR LLEGA A CERO,aruneshmathur_dark_patterns
fake_urgency,01 Hora 37 Minutos 48 Segundos 1/10s,aruneshmathur_dark_patterns
fake_urgency,13:09:27 HORAS MINUTOS SEGUNDOS La oferta termina cuando el contador llega a cero,aruneshmathur_dark_patterns
fake_urgency,00Días17Horas12Min13Seg,aruneshmathur_dark_patterns
fake_urgency,Tu pedido está reservado por 29:52 minutos,aruneshmathur_dark_patterns
fake_urgency,¡Apurate! Esta oferta especial termina en 2h 42m 0s,aruneshmathur_dark_patterns
fake_urgency,Ingresá tu email VER MI CÓDIGO OFERTA EXPIRA EN: 0 minutos 00 segundos 10% EXTRA OFF,aruneshmathur_dark_patterns
fake_urgency,TU CARRITO ES ELEGIBLE PARA UN 10% OFF ADICIONAL Incluye promociones actuales + liquidación 00 horas :29 minutos :26 segundos FINALIZAR COMPRA,aruneshmathur_dark_patterns
fake_urgency,Ahorrá 25% en tu pedido completo 09 Horas 57 Minutos 34 Segundos usa el código: SPRING25,aruneshmathur_dark_patterns
fake_urgency,La oferta termina en 0 días 04 horas 12 minutos 10 segundos,aruneshmathur_dark_patterns
fake_urgency,Tu pedido está reservado por 19:57 minutos,aruneshmathur_dark_patterns
fake_urgency,00 DÍAS 00 HORAS 29 MINUTOS 26 SEGUNDOS,aruneshmathur_dark_patterns
fake_urgency,Descuento pendiente $10 OFF 00:30:00,aruneshmathur_dark_patterns
fake_urgency,Tu pedido será reservado por 6:56 minutos,aruneshmathur_dark_patterns
fake_urgency,02:06:40 restantes para comprar,aruneshmathur_dark_patterns
fake_urgency,La venta especial termina en,aruneshmathur_dark_patterns
fake_urgency,FLASH 19:15:22,aruneshmathur_dark_patterns
fake_urgency,02 DÍAS :23 HORAS :00 MIN :54 SEG,aruneshmathur_dark_patterns
fake_urgency,Por favor realizá tu pedido dentro de: 00:02:41:10,aruneshmathur_dark_patterns
fake_urgency,¡Ofertas explosivas! 80% OFF en todo 07:25:41,aruneshmathur_dark_patterns
fake_urgency,Tu pedido tiene prioridad por 13:22 minutos,aruneshmathur_dark_patterns
fake_urgency,¡TIEMPO LIMITADO! 00 : 46 : 11,aruneshmathur_dark_patterns
fake_urgency,00 HS 57 MIN 56 SEG,aruneshmathur_dark_patterns
fake_urgency,2 DÍAS 13:06:13,aruneshmathur_dark_patterns
fake_urgency,La oferta termina en 5 días 14 horas 42 minutos 53 segundos,aruneshmathur_dark_patterns
fake_urgency,¡Apurate! La oferta termina en: 02:59:50,aruneshmathur_dark_patterns
ninguno,Venta de primavera extendida,aruneshmathur_dark_patterns
fake_urgency,11 11 horas: 00 22 minutos: 3223 3223 segundos La oferta termina cuando el contador llega a cero,aruneshmathur_dark_patterns
fake_urgency,Tu pedido está reservado por 09:45 minutos,aruneshmathur_dark_patterns
fake_urgency,Tu pedido está reservado por 08:48 minutos,aruneshmathur_dark_patterns
fake_urgency,¡APURATE! ¡OFERTA EXCLUSIVA PARA VOS! 1 4 : 4 5,aruneshmathur_dark_patterns
fake_urgency,00DÍAS02HS14MIN1211SEG,aruneshmathur_dark_patterns
fake_urgency,Debido a la ALTA demanda," el carrito expira en: 08:41"
fake_urgency,¡Apurate! Los precios aumentan en 0 DÍAS 11 HS 59 MIN 55 SEG,aruneshmathur_dark_patterns
fake_urgency,El carrito expirará en 04:53 minutos,aruneshmathur_dark_patterns
fake_urgency,Tu pedido está reservado por 09:35 minutos,aruneshmathur_dark_patterns
fake_urgency,00DÍAS00HORAS14MINUTOS21SEGUNDOS,aruneshmathur_dark_patterns
fake_urgency,Tu pedido está reservado por 09:14 minutos,aruneshmathur_dark_patterns
fake_urgency,0 DÍAS22 HORAS13 MINUTOS21 SEGUNDOS,aruneshmathur_dark_patterns
fake_urgency,La oferta de hoy termina en: 00 horas:57 min:19 seg,aruneshmathur_dark_patterns
fake_urgency,¡Apurate! La oferta termina en,aruneshmathur_dark_patterns
fake_urgency,Tu carrito está reservado por 09:35 minutos,aruneshmathur_dark_patterns
fake_urgency,0 Días 2 Horas 57 Minutos 53 Segundos,aruneshmathur_dark_patterns
fake_urgency,Tu pedido está reservado por 09:54 minutos,aruneshmathur_dark_patterns
fake_urgency,Tu pedido está reservado por 09:57 minutos,aruneshmathur_dark_patterns
fake_urgency,00 Días 02 Hs 26 Min 12 Seg La oferta termina cuando el contador llega a cero,aruneshmathur_dark_patterns
fake_urgency,Activá dentro de 0:30:00,aruneshmathur_dark_patterns
fake_urgency,00DÍAS07HORAS09MINUTOS39SEGUNDOS,aruneshmathur_dark_patterns
fake_urgency,COLLAR GRATIS PARA MAMÁ 01Día 01Hs 35Min 02Seg,aruneshmathur_dark_patterns
fake_urgency,¡Apurate! El descuento termina en DÍAS HS MIN SEG,aruneshmathur_dark_patterns
fake_urgency,EXTRA -30% OFF CON CÓDIGO: EXTRA30 Termina en: 0 días 4 horas 9 min 28 seg,aruneshmathur_dark_patterns
fake_urgency,Tu pedido está reservado por 09:56 minutos,aruneshmathur_dark_patterns
fake_urgency,El carrito expirará en 08:19 minutos,aruneshmathur_dark_patterns
ninguno,AHORRÁ $200 EN PUFFY,aruneshmathur_dark_patterns
fake_urgency,11 11 horas: 00 22 minutos: 3223 3223 segundos,aruneshmathur_dark_patterns
fake_urgency,00DÍAS00HORAS47MINUTOS36SEGUNDOS LA OFERTA TERMINA CUANDO EL CONTADOR LLEGA A CERO,aruneshmathur_dark_patterns
fake_urgency,01 Hora 37 Minutos 48 Segundos 1/10s,aruneshmathur_dark_patterns
fake_urgency,13:09:27 HORAS MINUTOS SEGUNDOS La oferta termina cuando el contador llega a cero,aruneshmathur_dark_patterns
fake_urgency,00Días17Horas12Min13Seg,aruneshmathur_dark_patterns
fake_urgency,Tu pedido está reservado por 29:52 minutos,aruneshmathur_dark_patterns
fake_urgency,¡Apurate! Esta oferta especial termina en 2h 42m 0s,aruneshmathur_dark_patterns
fake_urgency,Ingresá tu email VER MI CÓDIGO OFERTA EXPIRA EN: 0 minutos 00 segundos 10% EXTRA OFF,aruneshmathur_dark_patterns
fake_urgency,TU CARRITO ES ELEGIBLE PARA UN 10% OFF ADICIONAL Incluye promociones actuales + liquidación 00 horas :29 minutos :26 segundos FINALIZAR COMPRA,aruneshmathur_dark_patterns
fake_urgency,Ahorrá 25% en tu pedido completo 09 Horas 57 Minutos 34 Segundos usa el código: SPRING25,aruneshmathur_dark_patterns
fake_urgency,La oferta termina en 0 días 04 horas 12 minutos 10 segundos,aruneshmathur_dark_patterns
fake_urgency,Tu pedido está reservado por 19:57 minutos,aruneshmathur_dark_patterns
fake_urgency,00 DÍAS 00 HORAS 29 MINUTOS 26 SEGUNDOS,aruneshmathur_dark_patterns
fake_urgency,Descuento pendiente $10 OFF 00:30:00,aruneshmathur_dark_patterns
fake_urgency,Tu pedido será reservado por 6:56 minutos,aruneshmathur_dark_patterns
fake_urgency,02:06:40 restantes para comprar,aruneshmathur_dark_patterns
fake_urgency,La venta especial termina en,aruneshmathur_dark_patterns
fake_urgency,0011Días:0088Horas:4411Minutos:21125445Segundos,aruneshmathur_dark_patterns
fake_urgency,FLASH 19:15:22,aruneshmathur_dark_patterns
fake_urgency,02 DÍAS :23 HORAS :00 MIN :54 SEG,aruneshmathur_dark_patterns
fake_urgency,Por favor realizá tu pedido dentro de: 00:02:41:10,aruneshmathur_dark_patterns
fake_urgency,¡Ofertas explosivas! 80% OFF en todo 07:25:41,aruneshmathur_dark_patterns
fake_urgency,Tu pedido tiene prioridad por 13:22 minutos,aruneshmathur_dark_patterns
fake_urgency,¡TIEMPO LIMITADO! 00 : 46 : 11,aruneshmathur_dark_patterns
fake_urgency,00 HS 57 MIN 56 SEG,aruneshmathur_dark_patterns
fake_urgency,2 DÍAS 13:06:13,aruneshmathur_dark_patterns
fake_urgency,La oferta termina en 5 días 14 horas 42 minutos 53 segundos,aruneshmathur_dark_patterns
fake_urgency,¡Apurate! La oferta termina en: 02:59:50,aruneshmathur_dark_patterns
ninguno,Venta de primavera extendida,aruneshmathur_dark_patterns
fake_urgency,Obtené 20% de descuento en Sample Doors. ×La oferta termina en 58:29. Usá el código promocional sample20off,aruneshmathur_dark_patterns
fake_urgency,Gran venta de temporada impositiva. Mirá los descuentos. La oferta termina en,aruneshmathur_dark_patterns
fake_urgency,1 día 08:15:25,aruneshmathur_dark_patterns
fake_urgency,AHORRÁ 10% EN TODOS LOS PEDIDOS. No se necesita cupón. Expira en 18:07:59,aruneshmathur_dark_patterns
fake_urgency,HASTA 60% OFF EN LA VENTA DE PRIMAVERA MÁS 10% OFF EN TODAS LAS DUCHAS. INGRESÁ EL CÓDIGO SHOWERS10 EN EL CHECKOUT. DEBE TERMINAR EL MARTES 02 DÍAS : 04 HORAS : 13 MIN : 28 SEG,aruneshmathur_dark_patterns
fake_urgency,"Apurate, ¡oferta por tiempo limitado! 11:25",aruneshmathur_dark_patterns
fake_urgency,Tiempo restante: 04:50,aruneshmathur_dark_patterns
fake_urgency,Precio garantizado por DÍAS/HS/MIN/SEG,aruneshmathur_dark_patterns
fake_urgency,Apurate la oferta termina en 9 horas,aruneshmathur_dark_patterns
ninguno,Buscar en Coursera plus,Coursera
ninguno,Mostrar 8 más,Coursera
ninguno,Mostrar 3 más,Milenaria
ninguno,Mostrar 5 artículos más,Milenaria
ninguno,Contactanos,Coursera
ninguno,Descubra soluciones,Coursera
ninguno,Probalo gratis 30 dias,Canva
ninguno,Empezar mi prueba por $0,Canva
ninguno,Empezar a diseñar,Canva
ninguno,Empezar mi prueba gratis,Canva
ninguno,Iniciar mi prueba gratis,Canva
ninguno,más información,Canva
ninguno,Hablar con ventas,Canva
ninguno,Validar mi identidad,Canva
ninguno,Contactanos,Canva
ninguno,Continuar,Canva
ninguno,actualizar photoshop,photoshop
ninguno,agregar al carrito,farmacity
ninguno,solo web,farmacity
ninguno,Mis pedidos,farmacity
ninguno,Ver todos los productos,farmacity
ninguno,Mostrar todos los articulos,Milenaria
fake_urgency,¡No te pierdas nuestras mejores ofertas solo para vos!,farmacity
ninguno,Sofia está en linea para asistirte,farmacity
ninguno,Maria te ha enviado un mensaje,Milenaria
ninguno,Recibir notificaciones,Milenaria
ninguno,Registrarte,Milenaria
ninguno,Cancelar,Milenaria
ninguno,Estoy de acuerdo,Roblox
ninguno,Ignorar,Roblox
ninguno,"""Duración aproximada: 7 horas",Booking
ninguno,Disponible a partir del 9 de enero,Booking
ninguno,"Valoración media 4,4 basada en 1130 comentarios",Booking
ninguno,Focaccia paso a paso,Sitio de recetas
ninguno,Tiempo total estimado: 50 min,Sitio de recetas
ninguno,Rinde 6 porciones,Sitio de recetas
ninguno,Rapiditas caseras,Sitio de recetas
ninguno,Preparación en 25 min,Sitio de recetas
ninguno,Ingredientes para 8 unidades,Sitio de recetas
ninguno,Risotto paso a paso,Sitio de recetas
ninguno,Listo en 25 min,Sitio de recetas
ninguno,Nivel intermedio,Sitio de recetas
ninguno,7 minutos de lectura,Medio de noticias
ninguno,Actualizado el 03/01/2024,Medio de noticias
ninguno,Este artículo es de hace más de 2 meses,Medio de noticias
ninguno,Clase comienza a las 18:30,Plataforma educativa
ninguno,Duración total: 90 minutos,Plataforma educativa
ninguno,Introducción al curso,Plataforma educativa
ninguno,35 lecciones,Plataforma educativa
ninguno,12 h 45 min de contenido,Plataforma educativa
ninguno,Sección 1 de 7,Plataforma educativa
ninguno,Lección 3,Plataforma educativa
ninguno,La transmisión inicia a las 21:00,Plataforma educativa
ninguno,Acceso habilitado para estudiantes,Plataforma educativa
ninguno,La sesión expira automáticamente si no hay actividad,Sistema
ninguno,El sistema se desconecta tras 15 minutos,Sistema
ninguno,El examen comienza a las 08:00,Plataforma educativa
ninguno,Presentarse 15 minutos antes,Plataforma educativa
ninguno,"Precio desde ARS 148.344,50",Booking
ninguno,Impuestos incluidos,Booking
ninguno,120 resultados encontrados,Sistema
ninguno,130 comentario,Sistema
ninguno,Valoración promedio 4.4 / 5,Sistema
ninguno,Disponible próximamente,Sistema
ninguno,Contenido no disponible en tu región,Sistema
ninguno,Colores disponibles: 4,E-commerce
ninguno,Tamaños disponibles: 6,E-commerce
ninguno,Pedido confirmado,Sistema
ninguno,Número de orden: 982341,Sistema
ninguno,Procesando solicitud,Sistema
ninguno,Tiempo estimado: 30 segundos,Sistema
ninguno,Archivo subido correctamente,Sistema
ninguno,Tamaño: 12 MB,Sistema
ninguno,Conexión finalizada por inactividad,Sistema
ninguno,Pantalla bloqueada,Sistema
ninguno,Intentá nuevamente en 60 segundos,Sistema
ninguno,Recibes en 10-15 minutos,Pedidos ya
ninguno,Tu pedido llegará entre las 14:00 y 14:30,Milenaria
ninguno,Ver más resultados,Pedidos ya
ninguno,Descubrí la nueva colección,47street
ninguno,Comprá online en hasta 6 cuotas sin interés,47street
ninguno,Suscribite a nuestras push notifications,47street
ninguno,Solicitar información,alevmayorista
ninguno,Añadir a la lista de deseos,alevmayorista
ninguno,"Vendió y distribuido por Audible, una compañía de Amazon",amazon
ninguno,Más opciones de compra,amazon
ninguno,Aprende más sobre membresía,amazon
ninguno,Hallazgos rápidos,aliexpress
ninguno,Vendido por Super Factory Super Disc...(Vendedor),aliexpress
fake_scarcity,¡Últimas 3 unidades disponibles!,IA
fake_scarcity,Queda solo 1 en stock,IA
fake_scarcity,Últimas 2 plazas disponibles para este curso,IA
fake_scarcity,Solo quedan 4 cupos disponibles,IA
fake_scarcity,Stock bajo: quedan 5 unidades,IA
fake_scarcity,Última habitación disponible a este precio,IA
fake_scarcity,Quedan 2 habitaciones disponibles,IA
fake_scarcity,Solo queda 1 artículo en inventario,IA
fake_scarcity,Disponibles únicamente 3 unidades más,IA
fake_scarcity,Se agota rápido: quedan 2 unidades,IA
fake_scarcity,Últimos 5 lugares para inscribirte,IA
fake_scarcity,Producto casi agotado: 1 unidad restante,IA
fake_scarcity,Quedan pocos ejemplares en stock (3),IA
fake_scarcity,Última unidad disponible en este talle,IA
fake_scarcity,Solo quedan 2 productos en stock ahora,IA
fake_urgency,Último día para aprovechar esta oferta,IA
fake_urgency,Última oportunidad para obtener el descuento,IA
fake_urgency,Solo hoy con precios especiales,IA
fake_urgency,La promoción finaliza hoy,IA
fake_urgency,Últimas horas de la oferta,IA
fake_urgency,Apurate  la oferta termina pronto,IA
fake_urgency,Esta promo se termina hoy mismo,IA
fake_urgency,No te lo pierdas  termina hoy,IA
fake_urgency,Última oportunidad de compra con descuento,IA
fake_urgency,Oferta válida únicamente por hoy,IA
fake_urgency,Quedan pocas horas para aprovecharlo,IA
fake_urgency,El descuento expira hoy,IA
fake_urgency,Promo especial por tiempo limitado,IA
fake_urgency,Último día de descuentos exclusivos,IA
shaming,"Sí, me voy a hacer cargo de los gastos que surjan",roomio_checkout
shaming,"Yes, I will take care of any expenses that may be incurred",roomio_checkout
